Season,name,player_id,team,position,GP,toi_min,oWAR,box_dWAR,xga_dWAR,dWAR,WAR
2023-24,Natalie Spooner,100,TOR,F,23,432.81666666666666,1.344,0.477,0.047,0.047,1.391
2023-24,Kendall Coyne Schofield,20,MIN,F,24,458.9666666666666,0.98,0.628,0.074,0.074,1.054
2023-24,Grace Zumwinkle,25,MIN,F,24,452.7166666666666,1.007,0.229,0.024,0.024,1.031
2023-24,Hayley Scamurra,61,OTT,F,22,425.9166666666666,0.881,0.363,0.058,0.058,0.9390000000000001
2023-24,Jessie Eldridge,36,NY,F,23,425.5833333333333,0.832,0.08,0.05,0.05,0.882
2023-24,Hilary Knight,13,BOS,F,23,498.55,0.743,0.599,0.088,0.088,0.831
2023-24,Laura Stacey,32,MTL,F,21,455.0333333333333,0.806,0.424,0.018,0.018,0.8240000000000001
2023-24,Alex Carpenter,34,NY,F,23,495.7833333333333,0.78,0.27,0.041,0.041,0.8210000000000001
2023-24,Marie-Philip Poulin,31,MTL,F,20,437.3833333333333,0.632,0.649,0.054,0.054,0.686
2023-24,Emily Clark,53,OTT,F,22,409.51666666666665,0.661,0.463,-0.005,-0.005,0.656
2023-24,Sarah Nurse,75,TOR,F,23,429.8333333333333,0.565,0.26,0.062,0.062,0.627
2023-24,Daryl Watts,63,OTT,F,22,377.26666666666665,0.614,0.153,0.007,0.007,0.621
2023-24,Blayre Turnbull,76,TOR,F,23,441.56666666666666,0.503,0.359,0.098,0.098,0.601
2023-24,Gabbie Hughes,57,OTT,F,22,411.55,0.598,0.415,-0.001,-0.001,0.597
2023-24,Kristin O'Neill,30,MTL,F,21,390.5,0.521,0.061,0.063,0.063,0.5840000000000001
2023-24,Kelly Pannek,23,MIN,F,24,480.0,0.434,0.725,0.146,0.146,0.58
2023-24,Brianne Jenner,58,OTT,F,22,404.31666666666666,0.565,0.302,0.006,0.006,0.571
2023-24,Jamie Lee Rattray,16,BOS,F,23,369.4,0.518,0.035,0.044,0.044,0.562
2023-24,Denisa Křížová,104,MIN,F,24,382.9333333333333,0.498,-0.059,0.012,0.012,0.51
2023-24,Jade Downie-Landry,35,NY,F,23,319.21666666666664,0.455,0.066,0.048,0.048,0.503
2023-24,Taylor Heise,21,MIN,F,19,369.6166666666667,0.414,0.309,0.081,0.081,0.495
2023-24,Maureen Murphy,98,MTL,F,22,379.6833333333333,0.461,0.135,-0.001,-0.001,0.46
2023-24,Alina Müller,15,BOS,F,23,455.5,0.449,0.612,-0.004,-0.004,0.445
2023-24,Michela Cava,115,MIN,F,24,360.0833333333333,0.379,0.154,0.037,0.037,0.416
2023-24,Hannah Brandt,1,BOS,F,23,403.75,0.282,-0.09,0.096,0.096,0.378
2023-24,Sophie Jaques,11,MIN,D,15,387.56666666666666,0.33,0.157,0.023,0.023,0.35300000000000004
2023-24,Emma Maltais,73,TOR,F,23,432.3,0.32,0.577,0.029,0.029,0.34900000000000003
2023-24,Liz Schepers,97,MIN,F,19,234.7,0.326,-0.03,0.022,0.022,0.34800000000000003
2023-24,Abby Boreen,114,MIN,F,9,148.91666666666666,0.344,0.068,0.003,0.003,0.347
2023-24,Tereza Vanišová,161,MTL,F,16,262.7833333333333,0.352,0.038,-0.006,-0.006,0.346
2023-24,Elizabeth Giguère,37,NY,F,23,290.4833333333333,0.327,-0.41,0.015,0.015,0.342
2023-24,Loren Gabel,8,BOS,F,17,226.6,0.331,0.016,0.006,0.006,0.337
2023-24,Sidney Morin,167,BOS,D,23,428.0,0.348,0.013,-0.013,-0.013,0.33499999999999996
2023-24,Hannah Miller,89,TOR,F,22,331.35,0.309,0.366,0.01,0.01,0.319
2023-24,Jaime Bourbonnais,87,NY,D,23,578.4333333333333,0.266,0.236,0.019,0.019,0.28500000000000003
2023-24,Susanna Tapani,78,BOS,F,16,332.21666666666664,0.245,0.661,0.028,0.028,0.273
2023-24,Abby Roque,42,NY,F,23,473.01666666666665,0.261,-0.134,-0.001,-0.001,0.26
2023-24,Alexandra Labelle,39,NY,F,23,243.65,0.198,0.334,0.054,0.054,0.252
2023-24,Brittyn Fleming,105,MIN,F,23,272.05,0.216,0.238,0.028,0.028,0.244
2023-24,Sarah Bujold,81,MTL,F,19,263.78333333333336,0.199,-0.261,0.039,0.039,0.23800000000000002
2023-24,Rebecca Leslie,72,TOR,F,23,243.1,0.202,0.088,0.034,0.034,0.23600000000000002
2023-24,Sophie Shirley,18,BOS,F,19,245.31666666666663,0.188,-0.114,0.022,0.022,0.21
2023-24,Catherine Dubois,157,MTL,F,19,192.9333333333333,0.184,-0.12,0.022,0.022,0.206
2023-24,Susanna Tapani,78,MIN,F,9,148.8,0.184,0.423,0.021,0.021,0.205
2023-24,Kateřina Mrázová,88,OTT,F,21,352.1,0.162,0.227,0.033,0.033,0.195
2023-24,Jesse Compher,65,TOR,F,23,338.9833333333333,0.148,-0.004,0.041,0.041,0.189
2023-24,Ella Shelton,44,NY,D,23,605.8333333333334,0.165,0.726,0.022,0.022,0.187
2023-24,Becca Gilmore,55,OTT,F,20,235.31666666666663,0.11,-0.433,0.067,0.067,0.177
2023-24,Fanni Garát-Gasparics,137,OTT,F,14,118.51666666666668,0.18,-0.001,-0.005,-0.005,0.175
2023-24,Emma Woods,86,NY,F,23,358.3666666666667,0.174,0.147,-0.002,-0.002,0.172
2023-24,Paetyn Levis,40,NY,F,22,292.7166666666667,0.158,0.344,0.011,0.011,0.169
2023-24,Megan Keller,12,BOS,D,23,579.9666666666667,0.09,0.874,0.067,0.067,0.157
2023-24,Jill Saulnier,149,NY,F,17,211.8,0.124,0.09,0.033,0.033,0.157
2023-24,Kati Tabin,84,MTL,D,22,493.8,0.09,0.598,0.066,0.066,0.156
2023-24,Mikyla Grant-Mentis,138,MTL,F,6,73.81666666666666,0.146,-0.05,0.007,0.007,0.153
2023-24,Brittany Howard,69,TOR,F,22,243.16666666666663,0.151,0.077,0.001,0.001,0.152
2023-24,Taylor Girard,9,BOS,F,22,265.1666666666667,0.075,-0.229,0.072,0.072,0.147
2023-24,Sophia Kunin,103,MIN,F,24,308.2166666666667,0.129,-0.052,0.018,0.018,0.147
2023-24,Claire Dalton,26,MTL,F,18,236.41666666666663,0.112,0.339,0.032,0.032,0.14400000000000002
2023-24,Natalie Snodgrass,142,OTT,F,21,267.0,0.123,0.035,0.019,0.019,0.142
2023-24,Lexie Adzija,49,OTT,F,15,237.78333333333333,0.151,0.042,-0.01,-0.01,0.141
2023-24,Amanda Boulier,51,MTL,D,5,96.91666666666666,0.017,0.02,0.122,0.122,0.139
2023-24,Ann-Sophie Bettez,80,MTL,F,14,208.66666666666663,0.148,-0.069,-0.013,-0.013,0.13499999999999998
2023-24,Alexa Vasko,101,TOR,F,23,211.4333333333333,0.054,0.023,0.079,0.079,0.133
2023-24,Victoria Bach,125,TOR,F,16,226.65,0.124,0.206,0.008,0.008,0.132
2023-24,Erin Ambrose,83,MTL,D,22,560.75,0.075,0.619,0.056,0.056,0.131
2023-24,Sarah Lefort,158,MTL,F,22,251.31666666666663,0.121,0.082,0.003,0.003,0.124
2023-24,Samantha Cogan,126,TOR,F,22,198.9333333333333,0.075,-0.249,0.048,0.048,0.123
2023-24,Shiann Darkangelo,4,BOS,F,17,202.8,0.117,-0.2,0.005,0.005,0.12200000000000001
2023-24,Micah Zandee-Hart,47,NY,D,17,371.2833333333333,0.035,-0.351,0.086,0.086,0.121
2023-24,Mélodie Daoust,168,MTL,F,6,109.18333333333334,0.12,0.386,-0.001,-0.001,0.119
2023-24,Kayla Vespa,45,NY,F,22,222.83333333333331,0.088,0.416,0.027,0.027,0.11499999999999999
2023-24,Amanda Pelkey,110,BOS,F,22,236.55,0.086,-0.148,0.022,0.022,0.10799999999999998
2023-24,Maggie Connors,66,TOR,F,23,356.7333333333333,0.085,-0.004,0.02,0.02,0.10500000000000001
2023-24,Clair DeGeorge,116,MIN,F,23,236.5,0.073,-0.219,0.032,0.032,0.105
2023-24,Gigi Marvin,109,BOS,F,23,287.26666666666665,0.1,-0.02,0.004,0.004,0.10400000000000001
2023-24,Jillian Dempsey,27,MTL,F,22,183.05,0.067,0.151,0.034,0.034,0.101
2023-24,Kennedy Marchment,29,MTL,F,9,97.71666666666668,0.113,0.01,-0.018,-0.018,0.095
2023-24,Mikyla Grant-Mentis,138,OTT,F,6,77.85,0.078,0.059,0.016,0.016,0.094
2023-24,Emma Greco,118,MIN,D,22,294.2,0.005,0.562,0.087,0.087,0.092
2023-24,Gabrielle David,156,MTL,F,21,284.6166666666667,0.061,0.303,0.027,0.027,0.088
2023-24,Jessica Digirolamo,5,BOS,D,23,429.01666666666665,-0.027,-0.061,0.111,0.111,0.084
2023-24,Theresa Schafzahl,17,BOS,F,20,269.1166666666667,0.069,0.461,0.011,0.011,0.08
2023-24,Sophie Jaques,11,BOS,D,6,105.68333333333334,0.003,-0.126,0.076,0.076,0.079
2023-24,Jocelyne Larocque,71,TOR,D,22,610.6166666666667,0.069,0.564,-0.0,0.0,0.069
2023-24,Amanda Boulier,51,OTT,D,15,252.7,-0.042,0.651,0.108,0.108,0.066
2023-24,Chloe Aurard,33,NY,F,20,246.36666666666667,0.07,0.022,-0.007,-0.007,0.063
2023-24,Claire Butorac,102,MIN,F,20,197.95,0.031,-0.041,0.031,0.031,0.062
2023-24,Jincy Roese,60,OTT,D,22,451.8833333333333,-0.002,-0.132,0.06,0.06,0.057999999999999996
2023-24,Akane Shiga,141,OTT,F,21,215.58333333333331,0.056,0.108,0.001,0.001,0.057
2023-24,Madison Packer,148,NY,F,22,162.76666666666665,0.034,0.263,0.015,0.015,0.049
2023-24,Kaitlin Willoughby,128,TOR,F,21,135.25,0.017,-0.08,0.028,0.028,0.045
2023-24,Tereza Vanišová,161,OTT,F,6,78.46666666666667,0.026,-0.045,0.018,0.018,0.044
2023-24,Brooke Bryant,91,MIN,F,22,157.95,0.003,0.102,0.039,0.039,0.042
2023-24,Madison Bizal,162,MTL,D,19,203.95,-0.053,0.089,0.09,0.09,0.037
2023-24,Ashton Bell,50,OTT,D,22,494.2333333333333,-0.014,0.677,0.05,0.05,0.036000000000000004
2023-24,Rosalie Demers,136,OTT,F,11,63.3,0.019,0.058,0.009,0.009,0.027999999999999997
2023-24,Nicole Kosta,14,BOS,F,9,67.2,0.016,0.104,0.009,0.009,0.025
2023-24,Lexie Adzija,49,BOS,F,6,79.98333333333333,0.014,0.172,0.004,0.004,0.018000000000000002
2023-24,Aneta Tejralová,62,OTT,D,21,474.01666666666665,-0.084,0.283,0.091,0.091,0.006999999999999992
2023-24,Olivia Zafuto,46,NY,D,11,87.35,0.012,0.211,-0.008,-0.008,0.004
2023-24,Kristin Della Rovere,54,OTT,F,8,70.8,0.006,0.173,-0.002,-0.002,0.004
2023-24,Savannah Norcross,147,NY,F,20,148.2,0.006,0.388,-0.007,-0.007,-0.001
2023-24,Maggie Flaherty,79,MIN,D,24,459.1833333333333,-0.012,0.271,0.001,0.001,-0.011
2023-24,Shiann Darkangelo,4,OTT,F,7,64.01666666666667,-0.009,-0.01,-0.006,-0.006,-0.015
2023-24,Maude Poulin-Labelle,165,TOR,D,9,63.36666666666667,-0.009,-0.24,-0.011,-0.011,-0.019999999999999997
2023-24,Taylor Wenczkowski,111,BOS,F,15,77.06666666666666,-0.032,0.118,0.011,0.011,-0.021
2023-24,Renata Fast,67,TOR,D,23,635.2333333333333,-0.022,0.099,-0.004,-0.004,-0.026
2023-24,Dominique Kremer,119,MIN,D,12,63.48333333333333,-0.038,-0.045,0.008,0.008,-0.03
2023-24,Zoe Boyd,52,OTT,D,16,238.45,-0.062,0.026,0.02,0.02,-0.041999999999999996
2023-24,Kali Flanagan,68,TOR,D,23,488.5,-0.04,0.498,-0.005,-0.005,-0.045
2023-24,Brigitte Laganière,164,MTL,D,15,123.71666666666668,-0.041,-0.012,-0.005,-0.005,-0.046
2023-24,Allie Munroe,74,TOR,D,23,431.81666666666666,-0.149,0.225,0.1,0.1,-0.04899999999999999
2023-24,Mariah Keopple,99,MTL,D,22,441.26666666666665,-0.138,0.45,0.084,0.084,-0.054000000000000006
2023-24,Lee Stecklein,24,MIN,D,24,655.1166666666667,-0.057,0.049,0.0,0.0,-0.057
2023-24,Emily Brown,2,BOS,D,23,443.0833333333333,-0.112,0.461,0.053,0.053,-0.059000000000000004
2023-24,Abby Cook,117,MIN,D,9,105.23333333333332,-0.046,0.186,-0.015,-0.015,-0.061
2023-24,Jess Healey,10,BOS,D,20,205.4333333333333,-0.051,0.242,-0.013,-0.013,-0.064
2023-24,Lauriane Rougeau,133,TOR,D,23,280.3833333333333,-0.08,0.309,0.016,0.016,-0.064
2023-24,Natalie Buchbinder,90,MIN,D,24,481.85,-0.077,0.414,0.01,0.01,-0.067
2023-24,Dominika Lásková,82,MTL,D,7,126.7,-0.024,0.025,-0.044,-0.044,-0.068
2023-24,Brooke Hobson,38,NY,D,23,455.8666666666667,-0.106,0.509,0.033,0.033,-0.073
2023-24,Leah Lum,159,MTL,F,21,197.45,-0.014,-0.057,-0.061,-0.061,-0.075
2023-24,Savannah Harmon,56,OTT,D,22,562.4833333333333,-0.007,0.338,-0.07,-0.07,-0.07700000000000001
2023-24,Johanna Fällman,152,NY,D,19,224.7333333333333,-0.08,0.057,-0.007,-0.007,-0.08700000000000001
2023-24,Taylor Baker,150,NY,D,21,311.43333333333334,-0.14,0.633,0.05,0.05,-0.09000000000000001
2023-24,Olivia Knowles,131,TOR,D,19,187.81666666666663,-0.099,0.461,-0.012,-0.012,-0.111
2023-24,Catherine Daoust,163,MTL,D,22,359.9833333333333,-0.125,0.034,-0.0,0.0,-0.125
2023-24,Mellissa Channell,129,MIN,D,24,393.7,-0.191,0.141,0.025,0.025,-0.166
2023-24,Kaleigh Fratkin,7,BOS,D,23,410.3333333333333,-0.196,0.574,-0.018,-0.018,-0.214
2024-25,Laura Stacey,32,MTL,F,27,528.2166666666667,1.492,0.818,-0.037,-0.037,1.455
2024-25,Hilary Knight,13,BOS,RW,28,625.1833333333333,1.308,0.369,0.089,0.089,1.397
2024-25,Kendall Coyne Schofield,20,MIN,F,28,506.8833333333333,1.371,0.756,0.022,0.022,1.393
2024-25,Emily Clark,53,OTT,F,29,565.9499999999999,1.157,0.421,0.108,0.108,1.2650000000000001
2024-25,Daryl Watts,63,TOR,F,29,524.6333333333333,1.253,0.207,-0.005,-0.005,1.248
2024-25,Sarah Fillier,205,NY,F,28,568.3166666666666,1.115,1.246,0.08,0.08,1.195
2024-25,Tereza Vanišová,161,OTT,F,29,465.95,1.215,-0.017,-0.036,-0.036,1.179
2024-25,Marie-Philip Poulin,31,MTL,F,30,589.5,0.997,1.41,0.077,0.077,1.074
2024-25,Jesse Compher,65,TOR,F,29,501.3666666666667,0.937,0.562,0.111,0.111,1.048
2024-25,Britta Curl-Salemme,189,MIN,F,26,433.9333333333333,0.842,0.321,0.16,0.16,1.002
2024-25,Sarah Nurse,75,TOR,F,21,407.0833333333333,0.828,-0.346,0.067,0.067,0.895
2024-25,Brianne Jenner,58,OTT,F,28,495.51666666666665,0.919,0.131,-0.035,-0.035,0.884
2024-25,Abby Roque,42,NY,F,28,616.5,0.888,0.054,-0.01,-0.01,0.878
2024-25,Jessie Eldridge,36,NY,F,28,522.55,0.816,0.488,0.035,0.035,0.851
2024-25,Blayre Turnbull,76,TOR,F,29,548.0666666666666,0.824,0.468,0.01,0.01,0.834
2024-25,Kelly Pannek,23,MIN,F,28,501.7166666666666,0.719,0.307,0.096,0.096,0.815
2024-25,Abby Boreen,114,MTL,F,30,464.05,0.678,-0.544,-0.012,-0.012,0.666
2024-25,Taylor Heise,21,MIN,F,27,469.9666666666666,0.608,0.275,0.051,0.051,0.659
2024-25,Denisa Křížová,104,MIN,F,28,417.5333333333333,0.579,0.558,0.057,0.057,0.636
2024-25,Shay Maloney,183,BOS,C,28,364.1666666666667,0.587,0.283,0.043,0.043,0.63
2024-25,Alex Carpenter,34,NY,F,25,518.0,0.564,0.91,0.058,0.058,0.622
2024-25,Hannah Miller,89,TOR,F,28,504.5333333333333,0.637,1.429,-0.024,-0.024,0.613
2024-25,Lina Ljungblom,201,MTL,F,29,380.1166666666667,0.545,-0.058,0.063,0.063,0.6080000000000001
2024-25,Michela Cava,115,MIN,F,28,458.6166666666667,0.554,0.83,0.03,0.03,0.5840000000000001
2024-25,Brooke McQuigge,192,MIN,F,27,359.6666666666667,0.529,0.249,0.039,0.039,0.5680000000000001
2024-25,Susanna Tapani,78,BOS,C,28,602.5833333333333,0.503,0.24,0.047,0.047,0.55
2024-25,Julia Gosling,210,TOR,F,29,391.3333333333333,0.522,0.505,0.024,0.024,0.546
2024-25,Dominique Petrie,195,MIN,F,17,259.5333333333333,0.419,0.231,0.11,0.11,0.529
2024-25,Jennifer Gardiner,198,MTL,F,30,525.75,0.563,0.832,-0.049,-0.049,0.5139999999999999
2024-25,Catherine Dubois,157,MTL,F,24,228.21666666666667,0.546,-0.082,-0.034,-0.034,0.512
2024-25,Natalie Spooner,100,TOR,F,13,228.03333333333333,0.473,0.124,0.034,0.034,0.507
2024-25,Shiann Darkangelo,4,OTT,F,28,428.75,0.436,0.768,0.069,0.069,0.505
2024-25,Jade Downie-Landry,35,NY,F,28,325.5833333333333,0.464,0.348,0.013,0.013,0.47700000000000004
2024-25,Gabbie Hughes,57,OTT,F,28,518.5666666666666,0.393,0.206,0.071,0.071,0.464
2024-25,Grace Zumwinkle,25,MIN,F,20,325.3666666666667,0.418,-0.385,0.039,0.039,0.45699999999999996
2024-25,Sophie Jaques,11,MIN,D,24,538.5,0.455,0.942,-0.001,-0.001,0.454
2024-25,Mikyla Grant-Mentis,138,MTL,F,30,388.98333333333335,0.369,0.484,0.069,0.069,0.438
2024-25,Kristin O'Neill,30,MTL,F,30,472.9333333333333,0.376,-0.628,0.055,0.055,0.431
2024-25,Noora Tulus,231,NY,F,28,318.45,0.422,-0.524,0.0,0.0,0.422
2024-25,Hayley Scamurra,61,TOR,F,18,261.9833333333333,0.362,-0.022,0.051,0.051,0.413
2024-25,Alina Müller,15,BOS,LW,24,423.25,0.391,0.344,0.007,0.007,0.398
2024-25,Renata Fast,67,TOR,D,29,734.0833333333333,0.301,0.774,0.083,0.083,0.384
2024-25,Ronja Savolainen,223,OTT,D,27,455.9,0.282,1.154,0.081,0.081,0.363
2024-25,Gabby Rosenthal,227,NY,F,27,369.01666666666665,0.285,0.417,0.071,0.071,0.356
2024-25,Danielle Serdachny,224,OTT,F,29,448.5833333333333,0.3,-0.127,0.053,0.053,0.353
2024-25,Maureen Murphy,98,MTL,F,28,370.3333333333333,0.305,-0.182,0.043,0.043,0.348
2024-25,Claire Dalton,26,MTL,F,30,395.65,0.31,0.307,0.02,0.02,0.33
2024-25,Izzy Daniel,209,TOR,F,29,394.35,0.293,0.067,0.031,0.031,0.32399999999999995
2024-25,Micah Zandee-Hart,47,NY,D,28,678.85,0.239,0.676,0.08,0.08,0.319
2024-25,Hannah Bilka,181,BOS,LW,16,327.8833333333333,0.313,-0.044,-0.007,-0.007,0.306
2024-25,Paetyn Levis,40,NY,F,28,401.98333333333335,0.284,0.408,0.013,0.013,0.297
2024-25,Lexie Adzija,49,BOS,C,28,286.3833333333333,0.257,-0.107,0.032,0.032,0.28900000000000003
2024-25,Elle Hartje,206,NY,F,25,414.3,0.26,0.007,0.024,0.024,0.28400000000000003
2024-25,Maggie Connors,66,TOR,F,29,224.55,0.256,-0.338,0.024,0.024,0.28
2024-25,Amanda Pelkey,110,BOS,LW,23,212.7333333333333,0.281,-0.148,-0.015,-0.015,0.266
2024-25,Liz Schepers,97,MIN,F,25,270.1,0.187,0.046,0.077,0.077,0.264
2024-25,Victoria Bach,125,OTT,F,24,287.95,0.229,0.501,0.033,0.033,0.262
2024-25,Mannon McMahon,220,OTT,F,29,418.06666666666666,0.128,0.573,0.126,0.126,0.254
2024-25,Alexandra Labelle,39,MTL,F,19,307.4,0.227,0.434,0.021,0.021,0.248
2024-25,Ella Shelton,44,NY,D,22,539.0833333333334,0.149,0.681,0.095,0.095,0.244
2024-25,Alexa Vasko,101,OTT,F,23,206.55,0.142,0.658,0.087,0.087,0.22899999999999998
2024-25,Emma Woods,86,TOR,F,29,334.6166666666667,0.135,0.572,0.091,0.091,0.226
2024-25,Natalie Snodgrass,142,OTT,F,20,173.61666666666667,0.204,-0.018,0.009,0.009,0.213
2024-25,Elizabeth Giguère,37,NY,F,27,282.46666666666664,0.225,0.24,-0.015,-0.015,0.21000000000000002
2024-25,Hayley Scamurra,61,OTT,F,5,82.01666666666667,0.146,0.189,0.064,0.064,0.21
2024-25,Jamie Lee Rattray,16,BOS,LW,28,422.23333333333335,0.219,0.352,-0.011,-0.011,0.208
2024-25,Chloe Aurard,33,NY,F,25,191.81666666666663,0.167,0.113,0.038,0.038,0.20500000000000002
2024-25,Hannah Brandt,1,BOS,C,28,439.05,0.149,0.798,0.053,0.053,0.20199999999999999
2024-25,Loren Gabel,8,BOS,RW,19,168.71666666666667,0.176,0.002,0.014,0.014,0.19
2024-25,Kateřina Mrázová,88,OTT,F,13,215.46666666666667,0.174,-0.11,0.014,0.014,0.188
2024-25,Emmy Fecteau,204,NY,F,28,222.9,0.162,-0.301,0.011,0.011,0.17300000000000001
2024-25,Victoria Bach,125,TOR,F,6,75.81666666666666,0.13,-0.041,0.039,0.039,0.169
2024-25,Rebecca Leslie,72,OTT,F,26,277.1333333333333,0.152,-0.205,0.017,0.017,0.16899999999999998
2024-25,Sophie Shirley,18,BOS,RW,26,261.9,0.171,0.285,-0.003,-0.003,0.168
2024-25,Anna Meixner,221,OTT,F,27,312.95,0.112,-0.077,0.049,0.049,0.161
2024-25,Theresa Schafzahl,17,BOS,RW,28,357.8833333333333,0.122,0.341,0.023,0.023,0.145
2024-25,Taylor Girard,9,NY,LW,16,151.35,0.1,0.142,0.038,0.038,0.138
2024-25,Erin Ambrose,83,MTL,D,28,602.3166666666666,0.051,1.109,0.084,0.084,0.135
2024-25,Jill Saulnier,149,BOS,F,17,231.81666666666663,0.04,0.237,0.093,0.093,0.133
2024-25,Emma Maltais,73,TOR,F,29,561.9666666666667,0.147,0.298,-0.018,-0.018,0.129
2024-25,Claire Butorac,102,MIN,F,25,265.66666666666663,0.104,0.14,0.025,0.025,0.129
2024-25,Jocelyne Larocque,71,TOR,D,6,154.7,0.005,0.29,0.114,0.114,0.11900000000000001
2024-25,Dara Greig,199,MTL,F,29,230.5333333333333,0.124,-0.058,-0.013,-0.013,0.111
2024-25,Claire Thompson,169,MIN,D,28,615.8333333333334,0.146,0.281,-0.039,-0.039,0.10699999999999998
2024-25,Katy Knoll,191,MIN,F,20,155.88333333333333,0.053,-0.057,0.046,0.046,0.099
2024-25,Mariah Keopple,99,MTL,D,29,496.1833333333333,-0.152,0.589,0.243,0.243,0.091
2024-25,Clair DeGeorge,116,MTL,F,26,222.21666666666667,0.076,0.393,0.013,0.013,0.089
2024-25,Anna Wilgren,203,MTL,D,30,497.6833333333333,-0.118,0.987,0.203,0.203,0.08500000000000002
2024-25,Kelly Babstock,175,BOS,RW,9,71.46666666666667,0.065,-0.009,0.011,0.011,0.076
2024-25,Savannah Harmon,56,OTT,D,5,106.7,-0.03,0.143,0.103,0.103,0.073
2024-25,Allyson Simpson,230,NY,D,28,595.4333333333333,-0.05,0.304,0.117,0.117,0.067
2024-25,Cayla Barnes,196,MTL,D,30,654.35,0.092,0.224,-0.034,-0.034,0.057999999999999996
2024-25,Jaime Bourbonnais,87,NY,D,28,650.9833333333333,0.079,0.49,-0.035,-0.035,0.044
2024-25,Laura Kluge,212,TOR,F,12,50.45,0.035,0.056,0.008,0.008,0.043000000000000003
2024-25,Brooke Bryant,91,MIN,F,20,155.76666666666665,0.039,-0.039,-0.0,-0.0,0.039
2024-25,Megan Keller,12,BOS,LD,28,665.1999999999999,-0.068,0.243,0.107,0.107,0.03899999999999999
2024-25,Klara Hymlarova,190,MIN,F,24,295.28333333333336,-0.001,0.109,0.031,0.031,0.03
2024-25,Taylor House,217,OTT,F,11,93.98333333333332,0.02,-0.135,0.007,0.007,0.027
2024-25,Jillian Dempsey,27,BOS,LW,7,52.43333333333333,0.003,0.074,0.022,0.022,0.024999999999999998
2024-25,Noemi Neubauerová,214,TOR,F,19,87.48333333333333,-0.013,-0.225,0.031,0.031,0.018000000000000002
2024-25,Maggie Flaherty,79,MIN,D,20,302.51666666666665,-0.027,-0.146,0.043,0.043,0.015999999999999997
2024-25,Sidney Morin,167,BOS,RD,28,554.0666666666666,0.126,0.38,-0.115,-0.115,0.010999999999999996
2024-25,Kaitlin Willoughby,128,MTL,F,7,76.63333333333334,0.008,0.05,0.001,0.001,0.009000000000000001
2024-25,Natalie Buchbinder,90,MIN,D,17,301.06666666666666,-0.048,0.08,0.048,0.048,0.0
2024-25,Brooke Hobson,38,NY,D,28,324.8,-0.047,-0.037,0.046,0.046,-0.0010000000000000009
2024-25,Kaitlin Willoughby,128,TOR,F,20,90.73333333333332,-0.021,-0.165,0.015,0.015,-0.006000000000000002
2024-25,Anna Kjellbin,200,TOR,D,7,79.68333333333334,-0.035,0.054,0.028,0.028,-0.007000000000000003
2024-25,Jessica Digirolamo,5,BOS,RD,28,484.6666666666666,-0.066,0.953,0.058,0.058,-0.008
2024-25,Kati Tabin,84,MTL,D,28,521.65,0.01,0.473,-0.019,-0.019,-0.009
2024-25,Lauren Bernard,207,TOR,D,12,114.53333333333332,-0.041,0.024,0.032,0.032,-0.009000000000000001
2024-25,Dominika Lásková,82,MTL,D,5,50.75,-0.026,-0.033,0.01,0.01,-0.016
2024-25,Emily Brown,2,BOS,LD,27,491.6666666666666,-0.154,0.91,0.137,0.137,-0.016999999999999987
2024-25,Daniela Pejsova,185,BOS,LD,26,327.4,0.018,0.164,-0.056,-0.056,-0.038000000000000006
2024-25,Emma Greco,118,BOS,LD,26,290.8666666666667,-0.084,0.4,0.041,0.041,-0.043000000000000003
2024-25,Lee Stecklein,24,MIN,D,28,647.2833333333333,-0.115,0.153,0.068,0.068,-0.047
2024-25,Mellissa Channell-Watkins,129,MIN,D,27,474.5333333333333,-0.044,0.597,-0.003,-0.003,-0.047
2024-25,Jincy Roese,60,OTT,D,26,563.2833333333333,0.004,-0.169,-0.053,-0.053,-0.049
2024-25,Rylind MacKinnon,232,TOR,D,21,246.63333333333333,-0.069,0.225,0.02,0.02,-0.049
2024-25,Maja Nylen Persson,229,NY,D,21,409.8333333333333,0.0,0.47,-0.06,-0.06,-0.06
2024-25,Anna Kjellbin,200,MTL,D,18,197.01666666666668,-0.042,-0.279,-0.022,-0.022,-0.064
2024-25,Amanda Boulier,51,MTL,D,25,419.8833333333333,-0.116,0.279,0.043,0.043,-0.07300000000000001
2024-25,Ashton Bell,50,OTT,D,26,472.4666666666666,-0.12,0.5,0.045,0.045,-0.075
2024-25,Megan Carter,208,TOR,D,18,317.2333333333333,-0.115,0.553,0.034,0.034,-0.081
2024-25,Aneta Tejralová,62,OTT,D,29,562.6,-0.156,0.803,0.067,0.067,-0.089
2024-25,Stephanie Markowski,219,OTT,D,26,325.5833333333333,-0.097,0.402,0.001,0.001,-0.096
2024-25,Sydney Bard,180,BOS,RD,25,427.6,-0.147,0.056,0.049,0.049,-0.09799999999999999
2024-25,Zoe Boyd,52,OTT,D,23,291.55,-0.065,0.372,-0.034,-0.034,-0.099
2024-25,Allie Munroe,74,TOR,D,29,549.4333333333334,-0.178,0.584,0.066,0.066,-0.11199999999999999
2024-25,Kali Flanagan,68,TOR,D,29,642.5333333333333,-0.025,0.335,-0.114,-0.114,-0.139
2024-25,Jocelyne Larocque,71,OTT,D,24,519.2833333333333,-0.129,0.31,-0.012,-0.012,-0.14100000000000001
2024-25,Mae Batherson,188,MIN,D,23,364.4166666666667,-0.072,0.896,-0.073,-0.073,-0.145
2024-25,Savannah Harmon,56,TOR,D,23,527.65,-0.13,0.481,-0.053,-0.053,-0.183
2025-26,Kristýna Kaltounková,245,NY,LW,14,274.33333333333337,0.657,0.056,0.02,0.02,0.677
2025-26,Laura Stacey,32,MTL,RW,15,297.68333333333334,0.632,0.188,0.018,0.018,0.65
2025-26,Kendall Coyne Schofield,20,MIN,LW,15,250.66666666666663,0.601,0.542,0.002,0.002,0.603
2025-26,Natalie Spooner,100,TOR,RW,16,277.5333333333333,0.519,0.034,0.047,0.047,0.5660000000000001
2025-26,Sarah Fillier,205,NY,C,15,301.21666666666664,0.516,-0.073,0.023,0.023,0.539
2025-26,Daryl Watts,63,TOR,LW,15,268.4666666666667,0.523,0.232,-0.0,0.0,0.523
2025-26,Hilary Knight,13,SEA,RW,14,285.1,0.387,0.179,0.13,0.13,0.517
2025-26,Julia Gosling,210,SEA,LW,14,254.21666666666664,0.494,0.267,0.003,0.003,0.497
2025-26,Brianne Jenner,58,OTT,C,15,285.68333333333334,0.469,0.476,0.023,0.023,0.492
2025-26,Marie-Philip Poulin,31,MTL,C,15,300.95,0.451,0.186,0.038,0.038,0.489
2025-26,Sophie Jaques,11,VAN,RD,16,365.2833333333333,0.397,0.201,0.08,0.08,0.47700000000000004
2025-26,Kelly Pannek,23,MIN,C,15,256.8666666666667,0.359,0.498,0.112,0.112,0.471
2025-26,Rebecca Leslie,72,OTT,LW,16,294.59999999999997,0.44899999999999995,0.37,0.022,0.022,0.471
2025-26,Grace Zumwinkle,25,MIN,RW,15,248.1833333333333,0.448,-0.374,0.014,0.014,0.462
2025-26,Maureen Murphy,98,MTL,RW,15,238.4833333333333,0.403,0.047,0.02,0.02,0.42300000000000004
2025-26,Jesse Compher,65,TOR,RW,16,267.31666666666666,0.372,-0.03900000000000001,0.043,0.043,0.415
2025-26,Hannah Bilka,181,SEA,LW,14,251.2,0.405,-0.195,0.007,0.007,0.41200000000000003
2025-26,Alex Carpenter,34,SEA,C,14,284.93333333333334,0.406,0.02,0.005,0.005,0.41100000000000003
2025-26,Abby Boreen,114,VAN,RW,16,277.21666666666664,0.385,0.072,0.025,0.025,0.41000000000000003
2025-26,Kristin O'Neill,30,NY,C,16,282.0,0.33,-0.133,0.061,0.061,0.391
2025-26,Taylor Heise,21,MIN,C,15,255.85,0.331,0.512,0.041,0.041,0.372
2025-26,Shiann Darkangelo,4,MTL,C,15,224.63333333333333,0.373,0.031,-0.005,-0.005,0.368
2025-26,Taylor Girard,9,NY,LW,13,179.45000000000002,0.33699999999999997,0.201,0.008,0.008,0.345
2025-26,Sarah Wozniewicz,241,OTT,RW,16,255.5333333333333,0.304,0.485,0.02,0.02,0.324
2025-26,Dominique Petrie,195,MIN,C,10,145.95,0.327,-0.317,-0.007,-0.007,0.32
2025-26,Britta Curl-Salemme,189,MIN,RW,15,266.8333333333333,0.316,0.538,-0.002,-0.002,0.314
2025-26,Ella Huber,243,BOS,LW,14,199.65000000000003,0.305,-0.164,-0.0,-0.0,0.305
2025-26,Anne Cherkowski,249,NY,RW,14,258.93333333333334,0.272,-0.218,0.028,0.028,0.30000000000000004
2025-26,Jessie Eldridge,36,SEA,RW,14,234.6833333333333,0.283,0.118,0.008,0.008,0.291
2025-26,Emily Clark,53,OTT,LW,13,228.16666666666663,0.268,-0.074,0.018,0.018,0.28600000000000003
2025-26,Casey O'Brien,280,NY,C,16,317.7833333333333,0.247,-0.059,0.028,0.028,0.275
2025-26,Susanna Tapani,78,BOS,C,14,271.0,0.227,0.275,0.04,0.04,0.267
2025-26,Blayre Turnbull,76,TOR,C,16,288.7,0.243,0.212,0.013,0.013,0.256
2025-26,Fanuza Kadirova,240,OTT,LW,14,194.36666666666667,0.22999999999999998,0.081,0.019,0.019,0.24899999999999997
2025-26,Megan Keller,12,BOS,LD,14,375.75,0.161,0.119,0.084,0.084,0.245
2025-26,Maggie Connors,66,TOR,LW,14,187.23333333333332,0.224,0.065,0.019,0.019,0.243
2025-26,Hayley Scamurra,61,MTL,C,12,172.1,0.241,0.048,-0.0,0.0,0.241
2025-26,Abby Roque,42,MTL,LW,14,285.0333333333333,0.245,0.138,-0.008,-0.008,0.237
2025-26,Sarah Nurse,75,VAN,C,5,104.3,0.184,0.418,0.052,0.052,0.236
2025-26,Ronja Savolainen,223,OTT,RD,15,331.81666666666666,0.227,0.138,0.008,0.008,0.23500000000000001
2025-26,Michelle Karvinen,252,VAN,LW,15,249.05,0.23,0.117,0.0,0.0,0.23
2025-26,Jenn Gardiner,198,VAN,LW,14,251.61666666666667,0.228,0.06,0.0,0.0,0.228
2025-26,Katy Knoll,191,MIN,RW,15,207.01666666666668,0.227,0.043,-0.001,-0.001,0.226
2025-26,Olivia Mobley,256,BOS,RW,10,126.2,0.223,0.003,0.002,0.002,0.225
2025-26,Emma Maltais,73,TOR,C,16,304.6166666666666,0.187,0.397,0.035,0.035,0.222
2025-26,Alina Müller,15,BOS,C,12,242.85,0.191,0.324,0.028,0.028,0.219
2025-26,Abby Hustler,247,MIN,LW,15,246.46666666666664,0.218,0.39,-0.004,-0.004,0.214
2025-26,Jill Saulnier,149,BOS,LW,12,149.41666666666666,0.2,0.079,0.003,0.003,0.203
2025-26,Maddi Wheeler,285,NY,RW,16,234.41666666666669,0.182,0.51,0.02,0.02,0.20199999999999999
2025-26,Mikyla Grant-Mentis,138,SEA,C,14,206.63333333333333,0.157,-0.095,0.04,0.04,0.197
2025-26,Abby Newhook,259,BOS,RW,13,163.83333333333334,0.184,0.33,0.006,0.006,0.19
2025-26,Hannah Miller,89,VAN,C,16,299.1,0.147,-0.077,0.038,0.038,0.185
2025-26,Denisa Křížová,104,MIN,LW,15,204.35,0.15,-0.33,0.034,0.034,0.184
2025-26,Haley Winn,246,BOS,RD,14,391.8833333333333,0.189,0.045,-0.016,-0.016,0.173
2025-26,Paetyn Levis,40,NY,RW,16,271.56666666666666,0.143,0.42000000000000004,0.025,0.025,0.16799999999999998
2025-26,Jessica DiGirolamo,5,MTL,LD,15,272.5333333333333,0.039,0.212,0.126,0.126,0.165
2025-26,Shay Maloney,183,BOS,RW,14,219.51666666666665,0.151,0.184,0.005,0.005,0.156
2025-26,Natálie Mlýnková,274,MTL,LW,11,164.21666666666667,0.149,0.128,-0.006,-0.006,0.143
2025-26,Izzy Daniel,209,VAN,RW,16,200.1,0.14,0.081,0.002,0.002,0.14200000000000002
2025-26,Jamie Lee Rattray,16,BOS,LW,14,213.5333333333333,0.119,-0.025999999999999995,0.023,0.023,0.142
2025-26,Tereza Vanišová,161,VAN,RW,16,271.55,0.13999999999999999,0.645,0.002,0.002,0.142
2025-26,Skylar Irving,272,MTL,RW,12,96.23333333333332,0.146,0.111,-0.004,-0.004,0.142
2025-26,Gabbie Hughes,57,OTT,C,14,216.7,0.121,-0.169,0.014,0.014,0.135
2025-26,Danielle Serdachny,224,SEA,C,14,240.7333333333333,0.126,0.462,0.008,0.008,0.134
2025-26,Hannah Brandt,1,BOS,C,13,151.85,0.036,0.067,0.095,0.095,0.131
2025-26,Michela Cava,115,VAN,RW,13,188.85,0.079,0.116,0.049,0.049,0.128
2025-26,Peyton Hemp,286,OTT,RW,16,205.11666666666667,0.111,0.241,0.016,0.016,0.127
2025-26,Kali Flanagan,68,TOR,RD,16,362.23333333333335,0.08,0.014,0.043,0.043,0.123
2025-26,Mannon McMahon,220,OTT,RW,11,155.51666666666665,0.102,0.013,0.016,0.016,0.118
2025-26,Peyton Anderson,263,MIN,LW,13,111.36666666666666,0.114,-0.132,-0.003,-0.003,0.111
2025-26,Maggie Flaherty,79,MTL,LD,15,278.59999999999997,0.033,0.242,0.077,0.077,0.11
2025-26,Savannah Norcross,147,NY,RW,15,58.43333333333334,0.104,0.068,0.004,0.004,0.108
2025-26,Liz Schepers,97,BOS,C,11,144.91666666666666,0.066,0.017,0.039,0.039,0.10500000000000001
2025-26,Kiara Zanon,317,TOR,LW,16,206.46666666666667,0.094,0.0,0.005,0.005,0.099
2025-26,Theresa Schafzahl,17,BOS,LW,11,167.56666666666666,0.064,0.321,0.032,0.032,0.096
2025-26,Claire Dalton,26,TOR,RW,15,208.4,0.067,0.322,0.029,0.029,0.096
2025-26,Sara Hjalmarsson,313,TOR,LW,13,145.63333333333333,0.083,-0.153,0.012,0.012,0.095
2025-26,Lexie Adzija,49,SEA,RW,11,164.03333333333333,0.089,0.21,0.003,0.003,0.092
2025-26,Renata Fast,67,TOR,RD,12,288.21666666666664,-0.002,0.297,0.083,0.083,0.081
2025-26,Erin Ambrose,83,MTL,RD,14,289.2833333333333,0.023,0.286,0.051,0.051,0.074
2025-26,Emma Gentry,244,TOR,C,13,147.05,0.065,-0.026,0.008,0.008,0.07300000000000001
2025-26,Claire Thompson,169,VAN,LD,14,304.54999999999995,0.089,0.315,-0.016,-0.016,0.073
2025-26,Anna Shokhina,239,OTT,LW,9,107.23333333333332,0.055,-0.085,0.016,0.016,0.07100000000000001
2025-26,Catherine Dubois,157,MTL,LW,11,97.1,0.067,-0.05,0.001,0.001,0.068
2025-26,Emmy Fecteau,204,NY,LW,11,67.46666666666667,0.057,0.085,0.011,0.011,0.068
2025-26,Kayla Vespa,45,NY,C,16,113.33333333333331,0.054,0.172,0.013,0.013,0.067
2025-26,Klára Hymlárová,190,MIN,C,15,180.55,0.066,-0.087,0.0,0.0,0.066
2025-26,Anna Meixner,221,OTT,LW,10,125.43333333333332,0.049,-0.065,0.017,0.017,0.066
2025-26,Kati Tabin,84,MTL,RD,15,319.1333333333333,0.044,0.407,0.021,0.021,0.065
2025-26,Kaitlin Willoughby,128,MTL,RW,15,146.11666666666667,0.047,0.042,0.014,0.014,0.061
2025-26,Natalie Snodgrass,142,SEA,LW,11,159.43333333333334,0.055,-0.026,0.005,0.005,0.06
2025-26,Ella Shelton,44,TOR,LD,14,353.68333333333334,0.06,0.273,-0.003,-0.003,0.056999999999999995
2025-26,Maja Nylen Persson,229,NY,RD,15,316.26666666666665,0.042,0.148,0.014,0.014,0.056
2025-26,Kendall Cooper,236,MIN,RD,15,335.7333333333333,0.072,0.42700000000000005,-0.016,-0.016,0.055999999999999994
2025-26,Kateřina Mrázová,88,OTT,C,16,277.75,0.03,-0.086,0.024,0.024,0.054
2025-26,Cayla Barnes,196,SEA,RD,14,333.41666666666663,0.056,0.133,-0.007,-0.007,0.049
2025-26,Gabby Rosenthal,227,VAN,C,16,255.35,0.046,0.289,0.002,0.002,0.048
2025-26,Alexa Vasko,101,OTT,C,16,168.18333333333334,0.016,0.0,0.031,0.031,0.047
2025-26,Brooke McQuigge,192,VAN,LW,13,128.81666666666666,0.05,-0.161,-0.004,-0.004,0.046
2025-26,Mae Batherson,188,MIN,LD,15,296.05,0.059,0.268,-0.014,-0.014,0.045
2025-26,Savannah Harmon,56,TOR,RD,16,368.3833333333333,0.048,-0.062,-0.004,-0.004,0.044
2025-26,Jaime Bourbonnais,87,NY,RD,14,287.8166666666666,0.036,0.255,0.005,0.005,0.040999999999999995
2025-26,Elle Hartje,206,NY,C,12,164.28333333333333,0.019,0.089,0.021,0.021,0.04
2025-26,Anna Segedi,248,VAN,C,12,144.81666666666666,0.032,-0.078,0.004,0.004,0.036000000000000004
2025-26,Lee Stecklein,24,MIN,LD,13,314.4833333333333,-0.042,0.478,0.078,0.078,0.036
2025-26,Emma Woods,86,TOR,RW,16,135.86666666666667,0.024,0.026,0.006,0.006,0.03
2025-26,Alexandra Labelle,39,MTL,C,13,135.26666666666668,0.033,0.029,-0.004,-0.004,0.029
2025-26,Micah Zandee-Hart,47,NY,LD,16,290.41666666666663,0.014,0.202,0.015,0.015,0.028999999999999998
2025-26,Sophie Shirley,18,BOS,RW,12,130.7,0.026,-0.067,0.001,0.001,0.027
2025-26,Emily Brown,2,SEA,RD,14,266.5833333333333,-0.098,0.352,0.119,0.119,0.02099999999999999
2025-26,Brooke Bryant,91,SEA,RW,14,101.75,0.015,0.043,0.002,0.002,0.017
2025-26,Taylor House,217,OTT,LW,7,59.88333333333333,0.014,-0.003,0.001,0.001,0.015
2025-26,Dara Greig,199,MTL,LW,15,177.18333333333334,0.012,0.285,0.002,0.002,0.014
2025-26,Stephanie Markowski,219,OTT,LD,16,270.81666666666666,0.0,0.496,0.01,0.01,0.01
2025-26,Marah Wagner,295,SEA,LW,10,85.61666666666666,0.011,0.027,-0.001,-0.001,0.009999999999999998
2025-26,Claire Butorac,102,MIN,RW,14,134.56666666666666,-0.01,-0.097,0.019,0.019,0.009
2025-26,Clara Van Wieren,316,TOR,C,16,174.1,-0.012,0.155,0.01,0.01,-0.002
2025-26,Sidney Morin,167,MIN,LD,15,319.5,-0.021,-0.211,0.019,0.019,-0.0020000000000000018
2025-26,Anna Kjellbin,200,TOR,RD,15,176.65,0.001,0.503,-0.004,-0.004,-0.003
2025-26,Laura Kluge,212,BOS,LW,12,114.8,-0.004,-0.007,0.001,0.001,-0.003
2025-26,Rory Guilday,242,OTT,RD,16,336.35,-0.018999999999999996,0.262,0.012,0.012,-0.006999999999999996
2025-26,Kathryn Reilly,289,OTT,RD,11,134.35,-0.022,0.072,0.015,0.015,-0.006999999999999999
2025-26,Nicole Gosling,253,MTL,LD,15,311.15,0.008,0.181,-0.016,-0.016,-0.008
2025-26,Zoe Boyd,52,BOS,LD,12,207.5,0.0,0.2,-0.01,-0.01,-0.01
2025-26,Daniela Pejšová,185,BOS,LD,12,151.75,-0.006,0.06,-0.004,-0.004,-0.01
2025-26,Jincy Roese,60,NY,LD,14,238.53333333333333,-0.03,0.367,0.018,0.018,-0.012
2025-26,Jessica Kondas,132,TOR,LD,5,55.35,-0.006,0.144,-0.009,-0.009,-0.015
2025-26,Anna Wilgren,203,SEA,LD,12,258.65,-0.011,0.136,-0.005,-0.005,-0.016
2025-26,Allyson Simpson,230,NY,RD,15,273.8,-0.033,0.325,0.017,0.017,-0.016
2025-26,Riley Brengman,255,BOS,RD,13,248.9833333333333,-0.016,0.16,-0.001,-0.001,-0.017
2025-26,Brooke Becker,264,MIN,RD,10,139.56666666666666,-0.009,-0.183,-0.012,-0.012,-0.020999999999999998
2025-26,Rylind MacKinnon,232,BOS,LD,10,89.31666666666666,-0.023,0.28,-0.0,0.0,-0.023
2025-26,Lyndie Lobdell,294,SEA,RD,10,127.11666666666667,-0.024,0.01,0.001,0.001,-0.023
2025-26,Darcie Lappan,306,VAN,C,12,100.46666666666668,-0.024,0.124,0.001,0.001,-0.023
2025-26,Megan Carter,208,SEA,LD,14,246.26666666666665,-0.018,0.186,-0.006,-0.006,-0.024
2025-26,Lauren Bernard,207,NY,LD,16,219.75,-0.034999999999999996,0.118,0.01,0.01,-0.024999999999999994
2025-26,Katie Chan,301,VAN,RW,8,71.1,-0.027,-0.03,0.0,0.0,-0.027
2025-26,Jocelyne Larocque,71,OTT,LD,16,370.23333333333335,-0.094,0.513,0.066,0.066,-0.027999999999999997
2025-26,Allie Munroe,74,TOR,LD,10,162.25,-0.058,0.276,0.025,0.025,-0.033
2025-26,Hadley Hartmetz,182,BOS,RD,11,129.21666666666667,-0.026,0.176,-0.008,-0.008,-0.034
2025-26,Aneta Tejralová,62,SEA,RD,6,89.11666666666667,-0.031,0.275,-0.012,-0.012,-0.043
2025-26,Samantha Isbell,108,OTT,RD,7,92.63333333333334,-0.041,-0.082,-0.002,-0.002,-0.043000000000000003
2025-26,Jenna Buglioni,237,SEA,C,9,65.88333333333333,-0.047,0.081,0.003,0.003,-0.044
2025-26,Natalie Buchbinder,90,MIN,RD,15,255.3333333333333,-0.132,0.58,0.077,0.077,-0.05500000000000001
2025-26,Ashton Bell,50,VAN,RD,15,310.1166666666667,-0.042,0.113,-0.014,-0.014,-0.056
2025-26,Amanda Boulier,51,MTL,RD,15,240.8,-0.065,-0.042,0.004,0.004,-0.061
2025-26,Brooke Hobson,38,OTT,LD,16,256.0,-0.076,0.08,0.014,0.014,-0.062
2025-26,Sydney Bard,180,VAN,LD,16,231.06666666666666,-0.059,0.15000000000000002,-0.009,-0.009,-0.06799999999999999
2025-26,Mariah Keopple,99,SEA,LD,13,201.1,-0.086,0.171,0.014,0.014,-0.072
2025-26,Madison Samoskevich,310,VAN,LD,13,134.23333333333335,-0.07200000000000001,0.166,-0.004,-0.004,-0.07600000000000001
2025-26,Mellissa Channell-Watkins,129,VAN,LD,16,305.31666666666666,-0.11,0.038,0.031,0.031,-0.079
