name,player_id,team,pos,gp,toi_min,G,A1,A2,plusMinus,PIM,total_ixG,pm60,FA60,FA60_resid,d_adj_FA60,ozs_pct,blocks60,blocks60_adj,block_val60,o_xG60,d_value60,value60,oGAA,dGAA,GAA,oGAR,dGAR,GAR,oWAR,dWAR,WAR,war60,o_replacement_val60,d_replacement_val60,goals_per_win,Season
Grace Zumwinkle,25,MIN,F,24,452.71666666666664,11,7,1,6,4,10.836813413927228,0.7951993520597873,1.451185296377231,-1.2475025879491208,-1.13837025018297,0.574528702760077,0.39759967602989366,-0.27686531623164623,-0.011074612649265849,1.4362378341912905,1.582643737606892,3.0188815717981825,6.184,11.941,18.125,8.33,15.533,23.863,1.823,3.4,5.223,0.692,0.3322,-0.4759,4.569,2023-24
Natalie Spooner,100,TOR,F,23,432.81666666666666,19,6,1,10,4,10.483785299383394,1.3862682429050022,1.2890712591810993,-0.9788513107574446,-0.8697189729912936,0.8,1.247641418614502,0.31684761639563014,0.012673904655825206,1.4533338625969507,1.2302804668436362,2.683614329440587,6.036,8.875,14.911,8.087,12.308,20.395,1.77,2.694,4.464,0.619,0.3322,-0.4759,4.569,2023-24
Hilary Knight,13,BOS,F,23,498.54999999999995,5,3,2,6,6,9.506409284608443,0.7220940728111523,1.7873986520347038,-0.7205807523157255,-0.6114484145495745,0.4230769230769231,1.3238391334871127,0.5144943296975278,0.020579773187901114,1.144086966355444,0.8766075535573055,2.0206945199127495,4.383,7.284,11.667,6.746,11.239,17.985,1.476,2.46,3.936,0.474,0.3322,-0.4759,4.569,2023-24
Laura Stacey,32,MTL,F,21,455.0333333333333,9,5,3,6,2,9.036104430810047,0.7911508314409201,1.6254726754335294,-0.7850481404988945,-0.6759158027327435,0.5105841929948152,1.3185847190682003,-0.24276129298587534,-0.009710451719435013,1.1914869222370585,0.9365716721064059,2.1280585943434644,4.36,7.103,11.463,6.517,10.712,17.229,1.426,2.344,3.77,0.497,0.3322,-0.4759,4.569,2023-24
Hayley Scamurra,61,OTT,F,22,425.91666666666663,4,4,0,2,2,7.603257146593939,0.2817452553316377,1.2377805752594975,-0.9099370246338061,-0.8008046868676552,0.5384615384615384,1.5495989043240073,0.5664013245504809,0.022656052982019236,1.0710908130596042,1.1437826145967365,2.2148734276563404,3.226,8.119,11.345,5.245,11.498,16.743,1.148,2.517,3.665,0.516,0.3322,-0.4759,4.569,2023-24
Kendall Coyne Schofield,20,MIN,F,24,458.96666666666664,6,4,6,12,6,9.198173687107328,1.5687413755537802,1.4478907466856832,-0.6969674909289187,-0.5878351531627678,0.65,1.0458275837025204,0.3713625914409805,0.01485450365763922,1.2024629702079448,0.837823718085514,2.0402866882934587,4.481,6.409,10.89,6.657,10.05,16.707,1.457,2.2,3.657,0.478,0.3322,-0.4759,4.569,2023-24
Blayre Turnbull,76,TOR,F,23,441.56666666666666,3,3,2,5,14,6.736920678950998,0.6793991092322791,1.3830093719457281,-0.7494176806521768,-0.6402853428860259,0.4154411764705882,1.9023175058503812,0.9715237036315093,0.03886094814526037,0.9154115816495657,0.9352604281856967,1.8506720098352623,2.199,6.883,9.082,4.292,10.386,14.678,0.939,2.273,3.212,0.436,0.3322,-0.4759,4.569,2023-24
Jessie Eldridge,36,NY,F,23,425.5833333333333,7,5,2,-10,10,7.201688599146977,-1.409829645584492,1.4685222531505877,-0.7179035040739281,-0.6087711663077772,0.472729039075736,1.1278637164675935,0.4514531310297365,0.018058125241189462,1.015315408534526,0.8703377580720775,1.8856531666066034,2.828,6.173,9.001,4.845,9.549,14.394,1.06,2.09,3.15,0.444,0.3322,-0.4759,4.569,2023-24
Sophie Jaques,11,MIN,D,15,387.56666666666666,2,4,4,3,4,6.279026812589057,0.46443622602563,1.8747739894292743,-0.8349422303163698,-0.7258098925502189,0.5298394239166777,1.5481207534187666,-0.38859103917867766,-0.015543641567147106,0.972069171984201,1.0005902080031592,1.9726593799873602,2.296,6.463,8.759,4.133,9.538,13.671,0.905,2.088,2.993,0.463,0.3322,-0.4759,4.569,2023-24
Daryl Watts,63,OTT,F,22,377.26666666666665,10,3,2,-1,6,6.334702231909283,-0.1590386994168581,1.2639585059043057,-0.7980160338248261,-0.6888836960586752,0.527145240536056,0.7951934970842905,-0.18800408268923588,-0.007520163307569435,1.0074628041559206,0.9569170111745757,1.9643798153304963,2.458,6.017,8.475,4.246,9.01,13.256,0.929,1.972,2.901,0.461,0.3322,-0.4759,4.569,2023-24
Alex Carpenter,34,NY,F,23,495.7833333333333,8,6,8,-9,0,7.450518265714183,-1.0891854640804115,1.4677884112944641,-0.45731875697200364,-0.3481864192058527,0.5055350553505535,0.8471442498403201,0.17073366440246307,0.006829346576098523,0.9016662438757206,0.49429033346429224,1.3959565773400129,2.355,4.084,6.439,4.706,8.017,12.723,1.03,1.755,2.785,0.337,0.3322,-0.4759,4.569,2023-24
Marie-Philip Poulin,31,MTL,F,20,437.3833333333333,10,6,7,9,14,6.9655048020386126,1.2346149449376975,1.5217072160522165,-0.551651562601349,-0.442519224835198,0.478021978021978,1.783332698243341,0.22198668618926543,0.008879467447570618,0.9555240364035745,0.6284063822168477,1.5839304186204224,2.471,4.581,7.052,4.544,8.05,12.594,0.995,1.762,2.757,0.378,0.3322,-0.4759,4.569,2023-24
Sidney Morin,167,BOS,D,23,428.0,1,0,3,-3,2,5.585330043883982,-0.4205607476635514,1.6957770671228523,-0.6905348048900066,-0.5814024671238557,0.5298394239166777,1.2616822429906542,-0.809909361134835,-0.0323963744453934,0.7829901930678479,0.7815670795280044,1.5645572725958523,1.187,5.575,6.762,3.216,8.97,12.186,0.704,1.963,2.667,0.374,0.3322,-0.4759,4.569,2023-24
Brianne Jenner,58,OTT,F,22,404.31666666666666,9,5,3,1,4,6.709219796545366,0.1483985325034008,1.25312649519965,-0.5827598366581908,-0.4736274988920398,0.6280487804878049,0.741992662517004,-0.2412049172565224,-0.009648196690260897,0.9956383720500974,0.6534303017585948,1.6490686738086922,2.554,4.403,6.957,4.471,7.61,12.081,0.979,1.666,2.645,0.393,0.3322,-0.4759,4.569,2023-24
Taylor Heise,21,MIN,F,19,369.6166666666667,4,6,3,5,8,6.639248115334947,0.8116517112323579,1.5087840877572976,-0.579353747301899,-0.4702214095357481,0.5732484076433121,1.4609730802182441,0.7865080879567042,0.03146032351826817,1.0777514188215633,0.6897702968683155,1.7675217156898788,2.841,4.249,7.09,4.593,7.181,11.774,1.005,1.572,2.577,0.418,0.3322,-0.4759,4.569,2023-24
Maureen Murphy,98,MTL,F,22,379.68333333333334,3,6,4,1,2,6.069865382722409,0.15802642553004698,1.5751525088310323,-0.5574704861565947,-0.4483381483904437,0.4520547945205479,0.9481585531802817,-0.6131874588737939,-0.024527498354951757,0.959199129880193,0.6031459093916695,1.5623450392718623,2.168,3.817,5.985,3.968,6.829,10.797,0.868,1.495,2.363,0.373,0.3322,-0.4759,4.569,2023-24
Gabbie Hughes,57,OTT,F,22,411.54999999999995,9,0,3,3,18,5.676964920311224,0.43737091483416357,1.2327846006310077,-0.5383701325984536,-0.4292377948323026,0.5189393939393939,0.5831612197788848,-0.4000363599946416,-0.016001454399785665,0.8276464468926581,0.584931458365438,1.4125779052580962,1.447,4.012,5.459,3.398,7.277,10.675,0.744,1.593,2.337,0.341,0.3322,-0.4759,4.569,2023-24
Jaime Bourbonnais,87,NY,D,23,578.4333333333333,5,3,5,-13,12,4.1786204615472435,-1.3484700051864233,1.4596708712352278,-0.44528343034298223,-0.3361510925768313,0.472729039075736,1.4521984671238404,-0.4864589186499211,-0.019458356745996844,0.4334418734965158,0.4511531728615669,0.8845950463580827,-1.766,4.349,2.583,0.976,8.938,9.914,0.214,1.956,2.17,0.225,0.3322,-0.4759,4.569,2023-24
Kati Tabin,84,MTL,D,22,493.79999999999995,0,3,2,6,14,4.533190483976461,0.7290400972053465,1.582911440929454,-0.4455644930449507,-0.33643215527879977,0.5105841929948152,3.159173754556501,0.3355809421665208,0.013423237686660832,0.5508129385147584,0.48442825507698045,1.035241193591739,-0.542,3.987,3.445,1.799,7.904,9.703,0.394,1.73,2.124,0.258,0.3322,-0.4759,4.569,2023-24
Sarah Nurse,75,TOR,F,23,429.8333333333333,11,8,3,4,12,6.181870870356661,0.5583559519193486,1.4342705734182073,-0.33822540604318085,-0.22909306827702994,0.5478547854785478,1.3958898797983714,0.4650960775794996,0.018603843103179984,0.8629210986151215,0.33933413869102186,1.2022552373061433,1.764,2.431,4.195,3.802,5.841,9.643,0.832,1.278,2.11,0.295,0.3322,-0.4759,4.569,2023-24
Kelly Pannek,23,MIN,F,24,480.0,4,6,5,11,2,6.117150514674288,1.375,1.4569187808173687,-0.2359251005596752,-0.12679276279352428,0.5045045045045045,2.125,1.45053500773846,0.0580214003095384,0.764643814334286,0.23553126822047238,1.0001750825547584,1.184,1.884,3.068,3.46,5.692,9.152,0.757,1.246,2.003,0.25,0.3322,-0.4759,4.569,2023-24
Denisa Křížová,104,MIN,F,24,382.93333333333334,3,1,2,0,8,5.919538800630678,0.0,1.4451656026096984,-0.3833746572995742,-0.27424231953342326,0.574528702760077,0.15668523676880222,-0.5177797554927377,-0.02071119021970951,0.9275043385389294,0.363228057127083,1.2907323956660124,1.984,2.318,4.302,3.799,5.356,9.155,0.831,1.172,2.003,0.314,0.3322,-0.4759,4.569,2023-24
Ella Shelton,44,NY,D,23,605.8333333333334,6,11,3,-6,10,3.9747073351497875,-0.5942228335625859,1.4615059402390116,-0.3753766962852303,-0.26624435851907935,0.472729039075736,1.485557083906465,-0.45310030186729655,-0.018124012074691862,0.3936436425457836,0.3546180898520192,0.7482617323978028,-2.251,3.581,1.33,0.62,8.386,9.006,0.136,1.835,1.971,0.195,0.3322,-0.4759,4.569,2023-24
Emily Clark,53,OTT,F,22,409.51666666666665,3,7,3,4,8,6.416200371924152,0.5860567335476782,1.252471545751425,-0.2859231529161672,-0.1767908151500163,0.7272727272727273,0.5860567335476782,-0.3971408462258482,-0.01588563384903393,0.9400643579393165,0.23162150736098885,1.1716858653003053,2.208,1.581,3.789,4.149,4.829,8.978,0.908,1.057,1.965,0.288,0.3322,-0.4759,4.569,2023-24
Michela Cava,115,MIN,F,24,360.0833333333333,5,2,1,3,4,5.759103830006957,0.499884286044897,1.4551713250460279,-0.3310103758988161,-0.22187803813266518,0.6222222222222222,0.499884286044897,-0.1745807062166429,-0.006983228248665716,0.9596285021071533,0.3036460251370655,1.263274527244219,2.059,1.822,3.881,3.765,4.679,8.444,0.824,1.024,1.848,0.308,0.3322,-0.4759,4.569,2023-24
Kristin O'Neill,30,MTL,F,21,390.5,4,0,5,-1,6,5.440773509797512,-0.15364916773367476,1.6632880442698796,-0.30647278930674227,-0.19734045154059135,0.4285714285714285,2.151088348271447,0.5897423362173713,0.02358969344869485,0.8359703216078123,0.2998663256055227,1.135836647213335,1.428,1.952,3.38,3.279,5.049,8.328,0.718,1.105,1.823,0.28,0.3322,-0.4759,4.569,2023-24
Loren Gabel,8,BOS,F,17,226.6,4,1,2,-1,2,4.004692685849252,-0.264783759929391,1.3403433268920475,-0.8046468013147869,-0.695514463548636,0.5308168796073996,0.0,-0.8093448037895848,-0.0323737921515834,1.0603775867208964,0.9413464568165069,2.0017240435374033,1.676,3.555,5.231,2.75,5.353,8.103,0.602,1.172,1.774,0.47,0.3322,-0.4759,4.569,2023-24
Savannah Harmon,56,OTT,D,22,562.4833333333333,3,2,7,-1,8,3.180745673463655,-0.10666982725414086,1.2428542281996031,-0.39004021582942294,-0.280907878063272,0.527145240536056,0.746688790778986,-1.4987555893304447,-0.05995022357321779,0.33928959152772403,0.333320805715363,0.672610397243087,-2.6,3.125,0.525,0.066,7.587,7.653,0.014,1.661,1.675,0.179,0.3322,-0.4759,4.569,2023-24
Sophie Jaques,11,BOS,D,6,105.68333333333334,0,0,0,-4,0,6.279026812589057,-2.2709351837249647,6.8752553777303795,-0.2691447676850416,-0.16001242991889067,0.5298394239166777,5.677337959312411,3.605746355186922,0.1442298542074769,3.564815727065227,0.36824725609392384,3.933062983159151,5.193,0.649,5.842,5.694,1.487,7.181,1.246,0.325,1.571,0.892,0.3322,-0.4759,4.569,2023-24
Liz Schepers,97,MIN,F,19,234.7,0,2,1,0,8,3.985269049164334,0.0,1.6556527659514297,-0.5912741196616542,-0.4821417818955033,0.4460093896713615,0.5112910097997444,-0.16317398246179549,-0.00652695929847182,1.0188161182354498,0.6684715353552327,1.6872876535906824,1.573,2.615,4.188,2.686,4.477,7.163,0.588,0.98,1.568,0.401,0.3322,-0.4759,4.569,2023-24
Renata Fast,67,TOR,D,23,635.2333333333333,3,5,5,0,12,3.5028691648031955,0.0,1.3967740748573372,-0.2142082534786931,-0.10507591571254218,0.5308168796073996,1.511255706564517,-0.6817848959902594,-0.027271395839610375,0.33085818841610704,0.11983488615794867,0.4506930745740557,-3.025,1.269,-1.756,-0.014,6.308,6.294,-0.003,1.381,1.378,0.13,0.3322,-0.4759,4.569,2023-24
Jocelyne Larocque,71,TOR,D,22,610.6166666666667,0,5,4,8,6,3.3618557509177283,0.7860905641837487,1.4088253619820679,-0.2012713062050142,-0.0921389684388633,0.5308168796073996,1.5721811283674973,-0.6208594741872789,-0.024834378967491157,0.3303403854929121,0.10416017684691745,0.4345005623398296,-2.913,1.06,-1.853,-0.019,5.904,5.885,-0.004,1.292,1.288,0.127,0.3322,-0.4759,4.569,2023-24
Jade Downie-Landry,35,NY,F,23,319.21666666666664,8,3,2,-8,18,3.9905281630972844,-1.503680885500966,1.4662318351626114,-0.22963275076250333,-0.12050041299635242,0.4907975460122699,1.3157207748133453,0.6393101893754882,0.02557240757501953,0.7500601152378336,0.1942729857699129,0.9443331010077465,0.71,1.034,1.744,2.223,3.566,5.789,0.487,0.78,1.267,0.238,0.3322,-0.4759,4.569,2023-24
Ashton Bell,50,OTT,D,22,494.2333333333333,2,4,1,4,0,2.3486746429617975,0.4856005935118365,1.2364039850301822,-0.29636302366912637,-0.18723068590297545,0.5308168796073996,2.3066028191812236,0.061158439071792726,0.002446337562871709,0.2851294501471124,0.2645692978270373,0.5496987479741497,-2.731,2.179,-0.552,-0.388,6.1,5.712,-0.085,1.335,1.25,0.152,0.3322,-0.4759,4.569,2023-24
Maggie Flaherty,79,MIN,D,24,459.18333333333334,1,5,0,4,14,2.847275255529015,0.5226670538274473,1.3106627289046942,-0.28158413268987914,-0.17245179492372822,0.574528702760077,1.3066676345686181,-0.6300441580288262,-0.02520176632115305,0.3720442423107856,0.21623074657206642,0.588274988882852,-1.872,1.655,-0.217,0.305,5.297,5.602,0.067,1.159,1.226,0.16,0.3322,-0.4759,4.569,2023-24
Megan Keller,12,BOS,D,23,579.9666666666667,4,8,3,8,12,4.366780835194055,0.8276337720558653,1.7304553186480123,-0.08732307989334753,0.021809257872803384,0.5308168796073996,2.2759928731536294,0.20440126902814018,0.008176050761125608,0.4517619117966147,-0.022356910260799126,0.42940500153581557,-1.594,-0.216,-1.81,1.156,4.384,5.54,0.253,0.96,1.213,0.125,0.3322,-0.4759,4.569,2023-24
Alina Müller,15,BOS,F,23,455.5,5,8,3,7,6,5.948923450379852,0.9220636663007684,1.736577540191895,0.010260286689388165,0.11939262445553908,0.504,0.0,-0.8093448037895848,-0.0323737921515834,0.7836123095999805,-0.1995234663893381,0.5840888432106424,1.268,-1.515,-0.247,3.427,2.099,5.526,0.75,0.459,1.209,0.159,0.3322,-0.4759,4.569,2023-24
Jamie Lee Rattray,16,BOS,F,23,369.4,2,5,3,-2,8,6.4059078050571125,-0.3248511099079589,1.5180952865068598,0.0959132832290508,0.2050456209952017,0.868421052631579,0.6497022198159178,-0.159642583973667,-0.006385703358946681,1.0404831302204298,-0.29344957275222905,0.7470335574682008,2.61,-1.807,0.803,4.361,1.124,5.485,0.954,0.246,1.2,0.195,0.3322,-0.4759,4.569,2023-24
Abby Boreen,114,MIN,F,9,148.91666666666666,4,0,1,2,4,2.9578978155666915,0.8058198097369894,1.540291063085346,-0.7402480210935007,-0.6311156833273498,0.574528702760077,0.0,-0.6744649922615399,-0.026978599690461597,1.191766327480704,0.8565833569678281,2.048349684448532,1.427,2.126,3.553,2.133,3.307,5.44,0.467,0.724,1.191,0.48,0.3322,-0.4759,4.569,2023-24
Rebecca Leslie,72,TOR,F,23,243.1,2,2,3,1,10,3.3226764092719985,0.24681201151789386,1.3528983924064737,-0.3076138027055948,-0.19848146493944388,0.5668242255597484,1.2340600575894694,0.30326625537059754,0.012130650214823901,0.8200764481954748,0.29000470113004534,1.11008114932552,0.824,1.175,1.999,1.977,3.103,5.08,0.433,0.679,1.112,0.274,0.3322,-0.4759,4.569,2023-24
Tereza Vanišová,161,MTL,F,16,262.7833333333333,2,3,3,0,16,3.826330557319911,0.0,1.635625689767415,-0.23125532377321245,-0.12212298600706153,0.5105841929948152,0.6849749476755249,-0.8763710643785507,-0.03505484257514203,0.8736468577631561,0.1359173378347441,1.0095641955979002,1.126,0.595,1.721,2.371,2.68,5.051,0.519,0.587,1.106,0.253,0.3322,-0.4759,4.569,2023-24
Erin Ambrose,83,MTL,D,22,560.75,4,10,4,6,4,3.4669778038288133,0.6419973250111458,1.5889009371909517,-0.09068099416441111,0.018451343601739806,0.5308168796073996,2.8889879625501558,0.06539515016017572,0.002615806006407029,0.3709650793218525,-0.023216075036028697,0.34774900428582384,-2.296,-0.217,-2.513,0.362,4.231,4.593,0.079,0.926,1.005,0.108,0.3322,-0.4759,4.569,2023-24
Jincy Roese,60,OTT,D,22,451.8833333333333,0,4,1,-9,14,1.9797217269168474,-1.1949987091063328,1.250587099045473,-0.24409454448539636,-0.13496220671924544,0.5308168796073996,2.5227750525578134,0.2773306724483826,0.011093226897935305,0.2628627675617103,0.2000403163048789,0.4629030838665892,-2.664,1.507,-1.157,-0.522,5.091,4.569,-0.114,1.114,1.0,0.133,0.3322,-0.4759,4.569,2023-24
Brittany Howard,69,TOR,F,22,243.16666666666666,2,4,2,1,10,3.444093740680625,0.24674434544208362,1.5136460565478378,-0.19772410296486642,-0.0885917651987155,0.5668242255597484,0.49348869088416725,-0.43730511133470457,-0.017492204453388182,0.8498106556854181,0.10653626682481351,0.9563469225102317,0.945,0.432,1.377,2.098,2.361,4.459,0.459,0.517,0.976,0.241,0.3322,-0.4759,4.569,2023-24
Emma Maltais,73,TOR,F,23,432.3,5,6,7,9,14,4.453032465018034,1.2491325468424705,1.431775084672084,0.04848892068055899,0.1576212584467099,0.5333333333333333,0.8327550312283136,-0.0980387709905582,-0.0039215508396223285,0.618047531577798,-0.2245913126650162,0.3934562189127818,0.01,-1.618,-1.608,2.06,1.811,3.871,0.451,0.396,0.847,0.118,0.3322,-0.4759,4.569,2023-24
Natalie Buchbinder,90,MIN,D,24,481.84999999999997,2,1,3,6,0,2.595271128223953,0.7471204731762998,1.4675036650299844,-0.1303172892491964,-0.021184951483045472,0.5308168796073996,1.4942409463525996,-0.4424708462448447,-0.017698833849793788,0.32316336555657815,0.01196009822646987,0.335123463783048,-2.357,0.096,-2.261,-0.073,3.918,3.845,-0.016,0.858,0.842,0.105,0.3322,-0.4759,4.569,2023-24
Tereza Vanišová,161,OTT,F,6,78.46666666666667,0,1,1,-2,21,3.826330557319911,-1.5293118096856413,5.477678472931782,0.10071007131969001,0.20984240908584093,0.5105841929948152,2.293967714528462,1.3107701347549356,0.05243080539019743,2.9258262545351914,-0.24134856732997986,2.6844776872052116,3.02,-0.316,2.704,3.392,0.307,3.699,0.742,0.067,0.809,0.619,0.3322,-0.4759,4.569,2023-24
Elizabeth Giguère,37,NY,F,23,290.48333333333335,3,1,0,-15,6,3.079345937972595,-3.098284468414711,1.4681581598854865,-0.06955782000182209,0.039574517764328826,0.472729039075736,0.6196568936829422,-0.05675369175491485,-0.002270147670196594,0.6360459794997615,-0.05767447254025695,0.5783715069595046,0.094,-0.279,-0.185,1.471,2.025,3.496,0.322,0.443,0.765,0.158,0.3322,-0.4759,4.569,2023-24
Kali Flanagan,68,TOR,D,23,488.5,3,1,2,7,2,2.1766354055066057,0.8597748208802456,1.384808579246959,-0.11753988299312601,-0.008407545226975094,0.5308168796073996,1.4738996929375638,-0.7191409096172124,-0.028765636384688497,0.2673451879844347,-0.016995073066923366,0.2503501149175113,-2.844,-0.138,-2.982,-0.528,3.737,3.209,-0.116,0.818,0.702,0.086,0.3322,-0.4759,4.569,2023-24
Natalie Snodgrass,142,OTT,F,21,267.0,1,3,1,-3,10,2.3124350635855535,-0.6741573033707865,1.2648231793983424,-0.1297392459258424,-0.02060690815969149,0.4453125,1.1235955056179776,0.14039792584445118,0.005615917033778047,0.51964832889563,0.03446558845734613,0.5541139173529761,-0.432,0.153,-0.279,0.834,2.271,3.105,0.183,0.497,0.68,0.153,0.3322,-0.4759,4.569,2023-24
Mélodie Daoust,168,MTL,F,6,109.18333333333334,3,1,1,6,4,2.2495647867565594,3.297206533353686,2.172465097575367,-0.3145565561111603,-0.20542421834500937,0.5105841929948152,1.0990688444512289,-0.46227716760284676,-0.01849108670411387,1.2362132853493533,0.26910281897889926,1.5053161043282526,1.127,0.49,1.617,1.645,1.356,3.001,0.36,0.297,0.657,0.361,0.3322,-0.4759,4.569,2023-24
Emma Greco,118,MIN,D,22,294.2,0,0,0,8,10,1.7741719562953184,1.6315431679129844,1.475722524330759,-0.09905330042384053,0.010079037342310387,0.574528702760077,3.2630863358259687,1.3263745432285243,0.05305498172914097,0.36182976674955514,0.03894432944990643,0.4007740961994616,-1.249,0.191,-1.058,0.145,2.525,2.67,0.032,0.553,0.585,0.119,0.3322,-0.4759,4.569,2023-24
Sophie Shirley,18,BOS,F,19,245.31666666666666,3,1,1,-4,4,3.1441369104692973,-0.9783273320198382,1.7160016676963206,0.06739730753352213,0.17652964529967305,0.5298394239166777,0.4891636660099191,-0.3201811377796657,-0.01280724551118663,0.7689987687811312,-0.2599487489307289,0.5090500198504022,0.623,-1.063,-0.44,1.786,0.883,2.669,0.391,0.193,0.584,0.143,0.3322,-0.4759,4.569,2023-24
Sarah Lefort,158,MTL,F,22,251.31666666666666,1,1,2,0,8,2.6808510540213586,0.0,1.4561340663483266,-0.011169981950840846,0.09796235581531007,0.5105841929948152,0.9549704887592015,-0.6063755232948741,-0.024255020931794963,0.6400334103373494,-0.16140231907322905,0.47863109126412035,0.098,-0.676,-0.578,1.289,1.318,2.607,0.282,0.288,0.57,0.136,0.3322,-0.4759,4.569,2023-24
Micah Zandee-Hart,47,NY,D,17,371.2833333333333,0,3,0,-18,10,1.8228427051138507,-2.908829734703955,1.4766562836882253,-0.07226553709238703,0.03686680067376388,0.5308168796073996,2.7472280827759574,0.808570697002196,0.03234282788008784,0.2945743923512979,-0.01927069306318159,0.2753036992881163,-1.993,-0.119,-2.112,-0.233,2.826,2.593,-0.051,0.619,0.568,0.092,0.3322,-0.4759,4.569,2023-24
Sarah Bujold,81,MTL,F,19,263.78333333333336,3,1,0,-6,16,2.185412444489683,-1.3647564288873444,1.3363894648396684,-0.0625804114326789,0.04655192633347202,0.4242424242424242,1.819675238516459,0.2583292264623833,0.010333169058495333,0.4970926138979503,-0.054839527808365485,0.4422530860895848,-0.525,-0.241,-0.766,0.725,1.851,2.576,0.159,0.405,0.564,0.128,0.3322,-0.4759,4.569,2023-24
Alexandra Labelle,39,NY,F,23,243.65,1,2,0,-2,4,1.8947419434172459,-0.4925097475887544,1.4527439470907495,-0.08884147989403357,0.020290857872117346,0.3287671232876712,1.7237841165606402,1.0473735311227832,0.041894941244911325,0.4665894381491268,0.013487740223947043,0.48007717837307384,-0.609,0.055,-0.554,0.546,1.988,2.534,0.12,0.435,0.555,0.137,0.3322,-0.4759,4.569,2023-24
Susanna Tapani,78,BOS,F,16,332.21666666666664,2,2,4,8,6,5.712551561192957,1.4448402147193098,2.5851313604631967,0.42077869817210356,0.5299110359382545,0.4972972972972973,0.7224201073596549,-0.08692469642992992,-0.003476987857197197,1.031715528033645,-0.7453524381707535,0.2863630898628915,2.298,-4.127,-1.829,3.873,-1.492,2.381,0.848,-0.327,0.521,0.094,0.3322,-0.4759,4.569,2023-24
Fanni Garát-Gasparics,137,OTT,F,14,118.51666666666667,1,0,0,-1,4,1.3848327542450212,-0.5062579102798481,1.1401960191738731,-0.39024889566905463,-0.2811165579029037,0.5308168796073996,0.0,-0.9831975797735264,-0.03932790319094106,0.7010825362511709,0.3542352778731241,1.055317814124295,0.167,0.7,0.867,0.729,1.64,2.369,0.16,0.359,0.519,0.263,0.3322,-0.4759,4.569,2023-24
Claire Dalton,26,MTL,F,18,236.41666666666666,5,3,1,4,0,2.6799124037238977,1.0151568558336272,1.5938309289417965,0.05794000113301001,0.16707233889916093,0.5105841929948152,1.7765244977088472,0.2151784856547716,0.008607139426190864,0.6801328624184725,-0.2252941350326344,0.4548387273858381,0.25,-0.888,-0.638,1.371,0.988,2.359,0.3,0.216,0.516,0.131,0.3322,-0.4759,4.569,2023-24
Brittyn Fleming,105,MIN,F,23,272.05,1,1,0,4,8,2.469950701533958,0.8821907737548245,1.3036574819051854,0.02025213003585269,0.1293844678020036,0.5208333333333334,0.6616430803161183,-0.012821911945421594,-0.0005128764778168638,0.5447419301306284,-0.1816511314006219,0.36309079873000655,-0.326,-0.824,-1.15,0.964,1.334,2.298,0.211,0.292,0.503,0.111,0.3322,-0.4759,4.569,2023-24
Mikyla Grant-Mentis,138,MTL,F,6,73.81666666666666,2,0,0,-1,4,2.726252849253632,-0.8128245653646422,3.6794655646352568,0.24313681307638868,0.3522691508425396,0.8666666666666667,1.6256491307292844,0.06430311867520877,0.002572124747008351,2.215965287268701,-0.49060468643254707,1.725360600836154,1.968,-0.604,1.364,2.318,-0.018,2.3,0.507,-0.004,0.503,0.409,0.3322,-0.4759,4.569,2023-24
Mikyla Grant-Mentis,138,OTT,F,6,77.85,0,2,1,0,0,2.726252849253632,0.0,3.488836006373272,0.24887540880499825,0.3580077465711492,0.8666666666666667,1.5414258188824665,0.5582282391089401,0.022329129564357605,2.1011582653207186,-0.4788817156352513,1.6222765496854672,1.926,-0.621,1.305,2.295,-0.004,2.291,0.502,-0.001,0.501,0.386,0.3322,-0.4759,4.569,2023-24
Lee Stecklein,24,MIN,D,24,655.1166666666667,2,3,2,0,16,2.7730069039919236,0.0,1.401146223606479,0.010854698817810426,0.11998703658396134,0.574528702760077,1.2822143638537664,-0.6544974287436779,-0.026179897149747115,0.2539706630974362,-0.19416174836729297,0.05980891473014324,-3.96,-2.12,-6.08,-0.854,3.077,2.223,-0.187,0.673,0.486,0.045,0.3322,-0.4759,4.569,2023-24
Shiann Darkangelo,4,BOS,F,17,202.8,0,1,0,-5,0,1.9930535319564642,-1.4792899408284022,1.4911334879941611,-0.07267463799057028,0.03645769977558064,0.4210526315789473,0.0,-0.8093448037895848,-0.0323737921515834,0.5896608082711432,-0.08341457183739628,0.5062462364337469,-0.091,-0.282,-0.373,0.87,1.327,2.197,0.19,0.29,0.48,0.142,0.3322,-0.4759,4.569,2023-24
Zoe Boyd,52,OTT,D,16,238.45,0,1,2,-3,2,0.7318772711985881,-0.7548752358985112,1.085820813821397,-0.2742438269691081,-0.16511148920295718,0.5308168796073996,1.7613755504298596,-0.4840688296795712,-0.01936275318718285,0.18415867591493099,0.2117933316969572,0.3959520076118882,-1.719,0.842,-0.877,-0.588,2.733,2.145,-0.129,0.598,0.469,0.118,0.3322,-0.4759,4.569,2023-24
Hannah Brandt,1,BOS,F,23,403.75,5,1,3,-6,4,3.868952579123981,-0.891640866873065,1.7839380251052155,0.2085177565473002,0.31765009431345115,0.403030303030303,1.78328173374613,0.9739369299565451,0.03895747719826181,0.5749527052568145,-0.40575265484056977,0.16920005041624475,-0.28,-2.73,-3.01,1.634,0.472,2.106,0.358,0.103,0.461,0.069,0.3322,-0.4759,4.569,2023-24
Aneta Tejralová,62,OTT,D,21,474.01666666666665,2,2,4,-3,6,1.2418584659896448,-0.37973348335149965,1.2544646482547146,-0.05947523507645647,0.04965710268969445,0.5308168796073996,2.911290039028164,0.6658456589187332,0.026633826356749327,0.15719174703993255,-0.042886117408822894,0.11430562963110966,-3.63,-0.339,-3.969,-1.383,3.421,2.038,-0.303,0.749,0.446,0.056,0.3322,-0.4759,4.569,2023-24
Jesse Compher,65,TOR,F,23,338.98333333333335,1,2,0,-1,23,3.35276654284586,-0.17699985250012293,1.406470198352682,0.16615872457199732,0.27529106233814826,0.5827814569536424,1.0619991150007375,0.1312053127818657,0.005248212511274628,0.5934391835510643,-0.38015927476213296,0.21327990878893133,-0.131,-2.148,-2.279,1.476,0.541,2.017,0.323,0.118,0.441,0.078,0.3322,-0.4759,4.569,2023-24
Victoria Bach,125,TOR,F,16,226.65,2,2,1,3,2,2.0592223174695254,0.7941760423560557,1.3552866854040586,0.002559805078332422,0.11169214284448334,0.4871794871794871,0.7941760423560557,-0.13661775986281616,-0.005464710394512647,0.5451283434730709,-0.1618337103767893,0.38329463309628165,-0.27,-0.611,-0.881,0.804,1.187,1.991,0.176,0.26,0.436,0.115,0.3322,-0.4759,4.569,2023-24
Catherine Dubois,157,MTL,F,19,192.93333333333334,2,2,1,-3,12,2.0563836890871343,-0.9329647546648238,1.5053440822480386,0.03893328736579971,0.14806562513195062,0.5105841929948152,1.5549412577747064,-0.0064047542793692624,-0.0002561901711747705,0.6395111679953078,-0.20754806535590561,0.4319631026394022,0.074,-0.667,-0.593,0.988,0.863,1.851,0.216,0.189,0.405,0.126,0.3322,-0.4759,4.569,2023-24
Becca Gilmore,55,OTT,F,20,235.31666666666666,0,1,2,-11,2,1.63994086192121,-2.8047312132587296,1.26679213803428,0.011688087935367797,0.12082042570151871,0.4285714285714285,2.549755648417027,1.5665580686435006,0.06266232274574002,0.4181448475753492,-0.10648627323638618,0.31165857433896305,-0.778,-0.418,-1.196,0.337,1.449,1.786,0.074,0.317,0.391,0.1,0.3322,-0.4759,4.569,2023-24
Hannah Miller,89,TOR,F,22,331.35,7,4,3,6,8,3.8278328305189624,1.086464463558171,1.4111888457454027,0.2515078601503513,0.36064019791650226,0.7058823529411765,0.5432322317790855,-0.3875615704397863,-0.015502462817591451,0.6931340571333567,-0.5203987399006946,0.1727353172326621,0.423,-2.874,-2.451,1.993,-0.245,1.748,0.436,-0.054,0.382,0.069,0.3322,-0.4759,4.569,2023-24
Paetyn Levis,40,NY,F,22,292.7166666666667,0,1,2,-3,4,2.5831037541948123,-0.6149291123384387,1.4796970513753003,0.12426174062920192,0.23339407839535284,0.472729039075736,0.6149291123384387,-0.061481473099418316,-0.0024592589239767326,0.5294752328817015,-0.3292109686774707,0.20026426420423082,-0.425,-1.606,-2.031,0.962,0.716,1.678,0.211,0.157,0.368,0.075,0.3322,-0.4759,4.569,2023-24
Maggie Connors,66,TOR,F,23,356.73333333333335,2,1,1,-1,6,3.1658130565748697,-0.16819286114744905,1.3378563086110697,0.16927661772623592,0.27840895549238687,0.5668242255597484,0.6727714445897962,-0.2580223576290756,-0.010320894305163024,0.5324671558432783,-0.40009343199450464,0.13237372384877366,-0.5,-2.379,-2.879,1.191,0.451,1.642,0.261,0.099,0.36,0.061,0.3322,-0.4759,4.569,2023-24
Brooke Hobson,38,NY,D,23,455.8666666666667,1,3,1,-6,14,1.3941973497145839,-0.7897045919859608,1.4464112196538688,-0.031038814779094315,0.0780935229870566,0.472729039075736,1.7110266159695817,-0.22763076980417973,-0.00910523079216719,0.18350067486737723,-0.11843616297404642,0.0650645118933308,-3.291,-0.9,-4.191,-1.13,2.716,1.586,-0.247,0.594,0.347,0.046,0.3322,-0.4759,4.569,2023-24
Taylor Girard,9,BOS,F,22,265.1666666666667,4,1,1,-7,4,1.9842954097507894,-1.583909490886235,1.1892651690110507,0.08800650307511804,0.19713884084126895,0.5298394239166777,1.583909490886235,0.7745646870966502,0.03098258748386601,0.44899204746089516,-0.24501178969391052,0.20398025776698464,-0.741,-1.083,-1.824,0.516,1.021,1.537,0.113,0.223,0.336,0.076,0.3322,-0.4759,4.569,2023-24
Clair DeGeorge,116,MIN,F,23,236.5,0,0,1,-4,6,1.7405523136026217,-1.014799154334038,1.4246453669282693,0.06516918182060039,0.1743015195867513,0.3970588235294117,0.7610993657505285,0.08663437348898861,0.0034653749395595445,0.4415777539795235,-0.24055675248189226,0.20102100149763122,-0.69,-0.948,-1.638,0.431,0.928,1.359,0.094,0.203,0.297,0.075,0.3322,-0.4759,4.569,2023-24
Samantha Cogan,126,TOR,F,22,198.93333333333334,2,0,0,-5,6,1.7320536571455334,-1.5080428954423593,1.2811481976297168,0.12978372957880668,0.2389160673449576,0.5668242255597484,1.809651474530831,0.8788576723119591,0.035154306892478365,0.5224022424366556,-0.2993281873904623,0.22307405504619326,-0.312,-0.992,-1.304,0.631,0.586,1.217,0.138,0.128,0.266,0.08,0.3322,-0.4759,4.569,2023-24
Jill Saulnier,149,NY,F,17,211.8,1,1,0,-5,10,1.8465723989801253,-1.4164305949008498,1.4433863421882818,0.15447934116391826,0.2636116789300692,0.5,1.13314447592068,0.45673389048282287,0.018269355619312914,0.5231083283229817,-0.3507869948827839,0.1723213334401978,-0.33,-1.238,-1.568,0.674,0.442,1.116,0.148,0.097,0.245,0.069,0.3322,-0.4759,4.569,2023-24
Maude Poulin-Labelle,165,TOR,D,9,63.36666666666667,0,0,0,-4,0,0.34327747493798744,-3.787480273540242,1.1074089749164908,-0.4936203850627967,-0.38448804729664576,0.5308168796073996,0.0,-2.193040602554776,-0.08772162410219105,0.325039166169583,0.45056164211311295,0.775600808282696,-0.308,0.476,0.168,-0.008,0.978,0.97,-0.002,0.214,0.212,0.201,0.3322,-0.4759,4.569,2023-24
Madison Bizal,162,MTL,D,19,203.95000000000002,0,1,0,-1,2,0.6227263229667205,-0.2941897523902917,1.3523381639807597,-0.006086230552436955,0.10304610721371396,0.5308168796073996,4.707036038244667,1.8834432258546874,0.07533772903418749,0.18319970276049632,-0.06892682106501204,0.11427288169548429,-1.473,-0.234,-1.707,-0.506,1.384,0.878,-0.111,0.303,0.192,0.056,0.3322,-0.4759,4.569,2023-24
Kristin Della Rovere,54,OTT,F,8,70.8,1,0,0,2,0,0.4671675025843422,1.694915254237288,1.0715424580984205,-0.25481801455122444,-0.14568567678507352,0.375,0.0,-0.9831975797735264,-0.03932790319094106,0.3959046632070697,0.16463204430816186,0.5605367075152315,-0.26,0.194,-0.066,0.075,0.756,0.831,0.016,0.165,0.181,0.153,0.3322,-0.4759,4.569,2023-24
Susanna Tapani,78,MIN,F,9,148.8,2,3,0,7,2,5.712551561192957,2.8225806451612905,5.771664808256372,1.432115934783142,1.5412482725492929,0.4972972972972973,1.6129032258064515,0.9384382335449116,0.037537529341796466,2.3034482101584506,-2.1202100522272134,0.1832381579312372,4.183,-5.258,-1.075,4.889,-4.078,0.811,1.07,-0.893,0.177,0.071,0.3322,-0.4759,4.569,2023-24
Kennedy Marchment,29,MTL,F,9,97.71666666666667,1,0,1,0,0,0.8778099616586306,0.0,1.30440903499245,0.009926489851474374,0.11905882761762529,0.5105841929948152,0.0,-1.5613460120540756,-0.06245384048216303,0.5389929834506345,-0.22913619914683842,0.3098567843037961,-0.126,-0.373,-0.499,0.337,0.402,0.739,0.074,0.088,0.162,0.099,0.3322,-0.4759,4.569,2023-24
Kateřina Mrázová,88,OTT,F,21,352.1,4,6,3,-1,16,2.560817727046816,-0.17040613462084633,1.2550950374958743,0.2278759552319889,0.33700829299813984,0.5555555555555556,1.1928429423459244,0.20964536257239794,0.008385814502895918,0.4363790503345895,-0.4634257956944998,-0.027046745359910307,-1.058,-2.72,-3.778,0.611,0.073,0.684,0.134,0.016,0.15,0.026,0.3322,-0.4759,4.569,2023-24
Abby Roque,42,NY,F,23,473.01666666666665,6,5,2,-16,29,3.6688697893904014,-2.0295267960959795,1.473478501842622,0.2663105966481798,0.37544293441433074,0.4916666666666666,0.25369084951199744,-0.42271973592585965,-0.016908789437034385,0.46537934680967713,-0.5425288976170973,-0.0771495508074202,-1.192,-4.277,-5.469,1.05,-0.525,0.525,0.23,-0.115,0.115,0.015,0.3322,-0.4759,4.569,2023-24
Shiann Darkangelo,4,OTT,F,7,64.01666666666667,0,0,0,-1,4,1.9930535319564642,-0.9372559229367352,4.723799084070022,0.9734927452817121,1.082625083047863,0.4210526315789473,0.0,-0.9831975797735264,-0.03932790319094106,1.8680012275561757,-1.5550030194579492,0.31299820809822654,1.335,-1.659,-0.324,1.639,-1.151,0.488,0.359,-0.252,0.107,0.1,0.3322,-0.4759,4.569,2023-24
Dominika Lásková,82,MTL,D,7,126.7,0,0,0,0,8,0.4236713308864141,0.0,1.3461914988451706,-0.08333094894897486,0.025801388817176057,0.5105841929948152,0.0,-2.82359281238998,-0.1129437124955992,0.20063362157209824,-0.14906565683964568,0.051567964732452565,-0.878,-0.315,-1.193,-0.278,0.69,0.412,-0.061,0.151,0.09,0.043,0.3322,-0.4759,4.569,2023-24
Alexa Vasko,101,TOR,F,23,211.43333333333334,2,0,0,-1,4,1.2565748550984517,-0.283777392401072,1.3054924861762491,0.22412554552131025,0.3332578832874612,0.4621212121212121,2.8377739240107207,1.906980121791849,0.07627920487167396,0.3565875357365936,-0.3902818317307717,-0.033694295994178114,-0.916,-1.375,-2.291,0.086,0.302,0.388,0.019,0.066,0.085,0.024,0.3322,-0.4759,4.569,2023-24
Madison Packer,148,NY,F,22,162.76666666666665,0,0,1,-1,4,1.2082256678756107,-0.36862584476756094,1.455166681230707,0.24356399945814622,0.35269633722429716,0.472729039075736,1.8431292238378048,1.1667186383999477,0.04666874553599791,0.44538320749049753,-0.44710612657801807,-0.0017229190875205358,-0.465,-1.213,-1.678,0.307,0.078,0.385,0.067,0.017,0.084,0.031,0.3322,-0.4759,4.569,2023-24
Ann-Sophie Bettez,80,MTL,F,14,208.66666666666666,2,2,1,-2,2,1.4861175173575383,-0.5750798722044728,1.296936565521477,0.19346484247682416,0.3025971802429751,0.5105841929948152,0.5750798722044728,-0.9862661398496029,-0.03945064559398412,0.4273181359814008,-0.46308669793414925,-0.03576856195274847,-0.658,-1.611,-2.269,0.331,0.045,0.376,0.072,0.01,0.082,0.024,0.3322,-0.4759,4.569,2023-24
Olivia Zafuto,46,NY,D,11,87.35,0,0,1,1,4,0.36065514953420263,0.6868918145392101,1.4259453709664116,-0.04285472412306013,0.06627761364309079,0.5308168796073996,0.6868918145392101,-1.2517655712345515,-0.05007062284938206,0.24773107008645862,-0.14285928194970915,0.10487178813674947,-0.537,-0.208,-0.745,-0.123,0.485,0.362,-0.027,0.106,0.079,0.054,0.3322,-0.4759,4.569,2023-24
Jess Healey,10,BOS,D,20,205.43333333333334,1,1,1,2,8,0.9185681642212508,0.5841311049813402,1.5861738369576635,0.08222283081578552,0.19135516858193644,0.5308168796073996,0.8761966574720104,-1.1953949466534788,-0.047815797866139154,0.26828211838362026,-0.31571303388085015,-0.047430915497229886,-1.193,-1.081,-2.274,-0.219,0.549,0.33,-0.048,0.12,0.072,0.021,0.3322,-0.4759,4.569,2023-24
Jillian Dempsey,27,MTL,F,22,183.05,1,2,0,1,2,1.2201054810907914,0.32777929527451516,1.3745827116496654,0.23055739796441777,0.3396897357305687,0.4677419354838709,2.294455066921606,0.7331090548675305,0.02932436219470122,0.39992531475251286,-0.4462412678280949,-0.04631595307558206,-0.661,-1.361,-2.022,0.207,0.091,0.298,0.045,0.02,0.065,0.021,0.3322,-0.4759,4.569,2023-24
Catherine Daoust,163,MTL,D,22,359.98333333333335,1,0,1,-2,12,0.9706487451017514,-0.3333487661465808,1.3795922498119317,0.057800628675468646,0.16693296644161956,0.5308168796073996,1.8334182138061947,-0.9901745985837853,-0.039606983943351416,0.16178228077069795,-0.2733131369616188,-0.11153085619092085,-2.729,-1.64,-4.369,-1.022,1.216,0.194,-0.224,0.266,0.042,0.007,0.3322,-0.4759,4.569,2023-24
Rosalie Demers,136,OTT,F,11,63.3,0,0,0,0,4,0.5117124935778239,0.0,1.4115327200609749,0.25061877395225207,0.359751111718403,0.5308168796073996,1.8957345971563984,0.912537017382872,0.03650148069531488,0.48503553893632595,-0.4671500757104493,0.01788546322587664,-0.139,-0.493,-0.632,0.161,0.009,0.17,0.035,0.002,0.037,0.035,0.3322,-0.4759,4.569,2023-24
Dominique Kremer,119,MIN,D,12,63.483333333333334,0,0,0,-1,0,0.03564148416290609,-0.9451299553688631,1.0189359484297502,-0.08375702967683951,0.025375308089311405,0.5308168796073996,1.8902599107377263,-0.04645188185971805,-0.0018580752743887219,0.03368583433616748,-0.03738350659942469,-0.0036976722632572068,-0.617,-0.04,-0.657,-0.316,0.464,0.148,-0.069,0.102,0.033,0.031,0.3322,-0.4759,4.569,2023-24
Lexie Adzija,49,OTT,F,15,237.78333333333333,6,0,3,-2,4,3.180999672366759,-0.5046611060489241,2.2385915084093546,0.5282003280160315,0.6373326657821824,0.5277777777777778,0.25233055302446206,-0.7308670267490643,-0.029234681069962576,0.8026634064989369,-0.921500413165018,-0.1188370066660811,0.737,-3.652,-2.915,1.864,-1.766,0.098,0.408,-0.387,0.021,0.005,0.3322,-0.4759,4.569,2023-24
Lauriane Rougeau,133,TOR,D,23,280.3833333333333,0,1,0,4,4,0.6414648839422024,0.8559709920941568,1.3545822599404633,0.07471891419101895,0.18385125195716986,0.5308168796073996,1.9259347322118527,-0.2671058703429235,-0.01068423481371694,0.13726883327539255,-0.2680759875537547,-0.13080715427836218,-2.24,-1.253,-3.493,-0.911,0.971,0.06,-0.199,0.213,0.014,0.003,0.3322,-0.4759,4.569,2023-24
Gabrielle David,156,MTL,F,21,284.6166666666667,2,1,1,3,4,2.0180214665406946,0.632429583650524,1.5037216189743625,0.2937478168109471,0.402880154577098,0.4567901234567901,1.4756690285178895,-0.08567698353618614,-0.0034270793414474454,0.4254188252940505,-0.5674592957493847,-0.1420404704553342,-0.907,-2.692,-3.599,0.442,-0.434,0.008,0.097,-0.095,0.002,0.0,0.3322,-0.4759,4.569,2023-24
Nicole Kosta,14,BOS,F,9,67.2,1,1,1,1,2,0.5533518534853374,0.8928571428571428,1.5577182145793766,0.38136154885884177,0.4904938866249927,0.5308168796073996,0.8928571428571428,0.08351233906755798,0.003340493562702319,0.49406415489762273,-0.6833509477122874,-0.1892867928146647,-0.137,-0.765,-0.902,0.181,-0.232,-0.051,0.04,-0.051,-0.011,-0.01,0.3322,-0.4759,4.569,2023-24
Allie Munroe,74,TOR,D,23,431.81666666666666,1,3,2,1,10,1.1407842928406364,0.13894785595738934,1.3918213496531984,0.14908971355206768,0.2582220513182186,0.5668242255597484,3.056852831062565,0.8638122285077888,0.03455248914031155,0.158509531600073,-0.3269583827051945,-0.1684488511051215,-3.297,-2.353,-5.65,-1.25,1.072,-0.178,-0.274,0.235,-0.039,-0.005,0.3322,-0.4759,4.569,2023-24
Brigitte Laganière,164,MTL,D,15,123.71666666666667,0,0,1,-1,0,0.23453021086730041,-0.48497911895460055,1.3385576836601438,0.09893465301042514,0.20806699077657606,0.5308168796073996,1.4549373568638018,-1.3686554555261783,-0.05474621822104713,0.11374225503466004,-0.34604000530825363,-0.2322977502735936,-1.037,-0.714,-1.751,-0.45,0.268,-0.182,-0.098,0.059,-0.039,-0.019,0.3322,-0.4759,4.569,2023-24
Akane Shiga,141,OTT,F,21,215.58333333333334,2,0,0,-1,4,1.3345107739945503,-0.27831465017394663,1.2606043292479383,0.28654015589915527,0.3956724936653062,0.527145240536056,0.5566293003478933,-0.42656827942563313,-0.017062731177025326,0.37141389921765605,-0.5710042223084539,-0.19959032309079788,-0.881,-2.052,-2.933,0.141,-0.342,-0.201,0.031,-0.075,-0.044,-0.012,0.3322,-0.4759,4.569,2023-24
Brooke Bryant,91,MIN,F,22,157.95,1,0,0,1,6,0.8727039876777565,0.3798670465337132,1.142636612949816,0.3334940710590122,0.44262640882516313,0.574528702760077,1.8993352326685662,1.2248702404070264,0.048994809616281054,0.3315114862973434,-0.5706821627389473,-0.23917067644160395,-0.751,-1.502,-2.253,-0.002,-0.249,-0.251,-0.0,-0.054,-0.054,-0.021,0.3322,-0.4759,4.569,2023-24
Abby Cook,117,MIN,D,9,105.23333333333333,1,0,0,3,6,0.4476388283994347,1.7104846373139055,1.7315332918573272,0.24791875427750742,0.35705109204365837,0.5298394239166777,0.5701615457713018,-1.3665502468261423,-0.054662009873045696,0.25522644634747627,-0.5545335387341673,-0.29930709238669106,-0.634,-0.973,-1.607,-0.135,-0.138,-0.273,-0.03,-0.03,-0.06,-0.034,0.3322,-0.4759,4.569,2023-24
Amanda Boulier,51,OTT,D,15,252.7,1,4,1,6,2,1.862852258621012,1.4246141669964385,2.267830505932505,0.42494417072540824,0.5340765084915592,0.5105841929948152,4.511278195488722,2.265833815379291,0.09063335261517164,0.4423076197754678,-0.6570737592730111,-0.21476613949754336,-0.734,-2.767,-3.501,0.464,-0.763,-0.299,0.102,-0.167,-0.065,-0.015,0.3322,-0.4759,4.569,2023-24
Jessica Digirolamo,5,BOS,D,23,429.01666666666665,0,1,2,-7,8,2.2023027271783056,-0.978982945495513,1.8624148185371385,0.2885312650131382,0.39766360277928914,0.5298394239166777,3.356512955984616,1.2849213518591267,0.05139685407436507,0.30800240153225983,-0.5053321898166396,-0.1973297882843798,-2.207,-3.613,-5.82,-0.173,-0.21,-0.383,-0.038,-0.046,-0.084,-0.012,0.3322,-0.4759,4.569,2023-24
Claire Butorac,102,MIN,F,20,197.95,1,1,1,-1,2,1.6296330524883176,-0.30310684516291997,1.51632169408782,0.42933615495884214,0.5384684927249931,0.574528702760077,0.6062136903258399,-0.06825130193569995,-0.0027300520774279978,0.4939529333129531,-0.7565859418924183,-0.26263300857946525,-0.405,-2.496,-2.901,0.534,-0.926,-0.392,0.117,-0.203,-0.086,-0.026,0.3322,-0.4759,4.569,2023-24
Kaitlin Willoughby,128,TOR,F,21,135.25,0,0,0,-2,2,1.0138899187983146,-0.8872458410351202,1.4914332904029874,0.46427509065906225,0.5734074284252132,0.5668242255597484,1.7744916820702403,0.8436978798513685,0.03374791519405474,0.44978480686062017,-0.7690224846012437,-0.3192376777406235,-0.376,-1.734,-2.11,0.265,-0.661,-0.396,0.058,-0.145,-0.087,-0.039,0.3322,-0.4759,4.569,2023-24
Olivia Knowles,131,TOR,D,19,187.81666666666666,0,1,0,7,6,0.47779860732546164,2.236223267370663,1.4821688239291577,0.17601815777290786,0.2851504955390588,0.5308168796073996,1.2778418670689502,-0.9151987354858261,-0.036607949419433045,0.15263776611692803,-0.43581864317411534,-0.2831808770571873,-1.452,-1.364,-2.816,-0.562,0.126,-0.436,-0.123,0.028,-0.095,-0.03,0.3322,-0.4759,4.569,2023-24
Emma Woods,86,NY,F,23,358.3666666666667,2,0,2,-8,8,2.643903072390629,-1.3394102874151241,1.4581401117165784,0.3468393541645327,0.45597169193068365,0.5196078431372549,0.16742628592689052,-0.5089842995109666,-0.020359371980438662,0.4426588717610577,-0.6587197406833958,-0.21606086892233806,-1.039,-3.934,-4.973,0.66,-1.092,-0.432,0.144,-0.239,-0.095,-0.016,0.3322,-0.4759,4.569,2023-24
Mariah Keopple,99,MTL,D,22,441.26666666666665,0,2,1,3,12,1.43096932944329,0.4079166037165735,1.5868353010931042,0.20895942420844138,0.3180917619745923,0.5308168796073996,3.5352772322103037,0.7116844198203236,0.028467376792812943,0.1945720496296965,-0.4168610899716163,-0.22228904034191982,-3.104,-3.066,-6.17,-1.012,0.435,-0.577,-0.221,0.095,-0.126,-0.017,0.3322,-0.4759,4.569,2023-24
Taylor Baker,150,NY,D,21,311.43333333333334,0,0,0,0,6,0.7787501785642763,0.0,1.5000555421648334,0.1983615825402798,0.30749392030643075,0.5308168796073996,2.5045488601091725,0.5658914743354111,0.022635658973416444,0.15003214400253637,-0.40785582945558657,-0.25782368545305023,-2.422,-2.117,-4.539,-0.946,0.353,-0.593,-0.207,0.077,-0.13,-0.025,0.3322,-0.4759,4.569,2023-24
Kayla Vespa,45,NY,F,22,222.83333333333334,2,1,0,0,2,1.371618306261638,0.0,1.4711940859875574,0.38968914845024893,0.4988214862163999,0.472729039075736,1.0770381451009723,0.40062755966311525,0.01602510238652461,0.369321309090643,-0.6823249783164351,-0.31300366922579215,-0.918,-2.534,-3.452,0.138,-0.766,-0.628,0.03,-0.168,-0.138,-0.037,0.3322,-0.4759,4.569,2023-24
Sophia Kunin,103,MIN,F,24,308.2166666666667,2,0,1,-1,6,3.502445427148447,-0.1946682528524306,1.347081803321701,0.5667966815488028,0.6759290193149537,0.8823529411764706,0.3893365057048612,-0.28512848655667866,-0.011405139462267146,0.6818149320139733,-0.9577057665032024,-0.27589083448922913,0.335,-4.92,-4.585,1.796,-2.475,-0.679,0.393,-0.542,-0.149,-0.029,0.3322,-0.4759,4.569,2023-24
Amanda Pelkey,110,BOS,F,22,236.55,1,0,1,-5,8,2.346000580127033,-1.2682308180088777,1.907765347544491,0.5566794086550457,0.6658117464211967,0.5298394239166777,1.014584654407102,0.20523985061751718,0.008209594024700687,0.5950540469567618,-0.9239268509649746,-0.32887280400821284,-0.085,-3.643,-3.728,1.036,-1.766,-0.73,0.227,-0.387,-0.16,-0.041,0.3322,-0.4759,4.569,2023-24
Gigi Marvin,109,BOS,F,23,287.26666666666665,1,3,0,-3,6,2.5030872489021188,-0.6265954977953121,1.5681602026087087,0.4716674080039205,0.5807997457700714,0.594059405940594,0.20886516593177074,-0.6004796378578141,-0.024019185514312563,0.5228077335836405,-0.8371388295924126,-0.31433109600877207,-0.449,-4.008,-4.457,0.913,-1.729,-0.816,0.2,-0.378,-0.178,-0.037,0.3322,-0.4759,4.569,2023-24
Johanna Fällman,152,NY,D,19,224.73333333333332,0,0,0,-6,2,0.41401398924921734,-1.6018985464253932,1.4686765812023528,0.23453975563548557,0.3436720934016365,0.5308168796073996,1.0679323642835954,-0.8707250214901661,-0.03482900085960664,0.11053473459634994,-0.5159699316218977,-0.4054351970255478,-1.896,-1.933,-3.829,-0.83,-0.15,-0.98,-0.182,-0.033,-0.215,-0.057,0.3322,-0.4759,4.569,2023-24
Savannah Norcross,147,NY,F,20,148.2,0,0,1,2,2,0.7212193032491034,0.8097165991902835,1.417548384280755,0.46830964345108583,0.5774419812172368,0.472729039075736,0.0,-0.676410585437857,-0.027056423417514283,0.2919916207486249,-0.8354751971216456,-0.5434835763730208,-0.802,-2.064,-2.866,-0.099,-0.888,-0.987,-0.022,-0.194,-0.216,-0.087,0.3322,-0.4759,4.569,2023-24
Lexie Adzija,49,BOS,F,6,79.98333333333333,1,2,0,2,2,3.180999672366759,1.500312565117733,6.655133371634979,2.236150330909359,2.3452826686755097,0.5277777777777778,0.7501562825588665,-0.059188521230718355,-0.0023675408492287342,2.38624688904362,-3.285763276994942,-0.8995163879513219,2.359,-4.38,-2.021,2.738,-3.746,-1.008,0.599,-0.82,-0.221,-0.166,0.3322,-0.4759,4.569,2023-24
Theresa Schafzahl,17,BOS,F,20,269.1166666666667,3,3,0,5,0,2.5371915654932264,1.1147581594104168,1.851009119482767,0.5501805133462139,0.6593128511123648,0.5298394239166777,0.4459032637641667,-0.3634415400254182,-0.014537661601016728,0.5656709999241726,-0.9375756531583275,-0.3719046532341549,-0.229,-4.205,-4.434,1.047,-2.071,-1.024,0.229,-0.453,-0.224,-0.05,0.3322,-0.4759,4.569,2023-24
Chloe Aurard,33,NY,F,20,246.36666666666667,1,1,6,-7,2,1.3725295087397829,-1.7047760790150182,1.4646453809589477,0.443101317602832,0.552233655368983,0.472729039075736,0.24353943985928833,-0.43287114557856876,-0.01731484582314275,0.33426506774883086,-0.7904419633397188,-0.456176895590888,-1.159,-3.246,-4.405,0.008,-1.291,-1.283,0.002,-0.283,-0.281,-0.068,0.3322,-0.4759,4.569,2023-24
Taylor Wenczkowski,111,BOS,F,15,77.06666666666666,0,0,0,1,2,0.4889296827178884,0.7785467128027682,2.0103097021808893,1.0259367346489632,1.135069072415114,0.5298394239166777,0.7785467128027682,-0.0307980909868166,-0.001231923639472664,0.3806545972717124,-1.590328625020632,-1.2096740277489197,-0.303,-2.043,-2.346,0.062,-1.431,-1.369,0.014,-0.313,-0.299,-0.233,0.3322,-0.4759,4.569,2023-24
Leah Lum,159,MTL,F,21,197.45,1,1,2,-2,6,0.8120514121995489,-0.607748797163839,1.4535745961504478,0.7002089512209348,0.8093412889870858,0.5308168796073996,0.0,-1.5613460120540756,-0.06245384048216303,0.24676163449973632,-1.1955316450640832,-0.9487700105643468,-1.217,-3.934,-5.151,-0.281,-2.368,-2.649,-0.062,-0.518,-0.58,-0.176,0.3322,-0.4759,4.569,2023-24
Emily Brown,2,BOS,D,23,443.0833333333333,1,0,3,2,12,1.5358564664366945,0.27082941508369385,1.8433322191924113,0.4405331018370886,0.5496654396032395,0.5298394239166777,2.4374647357532444,0.36587313162775514,0.014634925265110206,0.2079775542287794,-0.7548966901794251,-0.5469191359506457,-3.018,-5.575,-8.593,-0.917,-2.06,-2.977,-0.201,-0.451,-0.652,-0.088,0.3322,-0.4759,4.569,2023-24
Kaleigh Fratkin,7,BOS,D,23,410.3333333333333,2,0,1,5,22,1.1915669043756845,0.7311129163281885,1.7687011742137184,0.4256119069142399,0.5347442446803908,0.5308168796073996,1.1697806661251016,-0.9018109380003877,-0.03607243752001551,0.17423399089165167,-0.7847143800725627,-0.610480389180911,-3.025,-5.367,-8.392,-1.08,-2.112,-3.192,-0.236,-0.462,-0.698,-0.102,0.3322,-0.4759,4.569,2023-24
Mellissa Channell,129,MIN,D,24,393.7,0,1,1,1,0,0.3720805178626623,0.1524003048006096,1.5288232358000158,0.38675751560698424,0.4958898533731352,0.5308168796073996,1.8288036576073154,-0.10790813499012886,-0.004316325399605155,0.0567051843326384,-0.6985621201219944,-0.641856935789356,-3.674,-4.584,-8.258,-1.808,-1.461,-3.269,-0.396,-0.32,-0.716,-0.109,0.3322,-0.4759,4.569,2023-24
Amanda Boulier,51,MTL,D,5,96.91666666666666,0,2,1,-2,0,1.862852258621012,-1.2381771281169391,5.913129171272336,2.854198104333144,2.963330442099295,0.5105841929948152,11.762682717110922,8.939089904720941,0.35756359618883765,1.1532705298427588,-3.791099022750175,-2.637828492907416,0.867,-6.124,-5.257,1.326,-5.355,-4.029,0.29,-1.172,-0.882,-0.546,0.3322,-0.4759,4.569,2023-24
