name,player_id,team,pos,gp,toi_min,G,A1,A2,plusMinus,PIM,total_ixG,pm60,pm60_resid,d_adj_pm60,blocks60,blocks60_adj,block_val60,o_xG60,d_value60,value60,oGAA,dGAA,GAA,oGAR,dGAR,GAR,oWAR,dWAR,WAR,war60,o_replacement_val60,d_replacement_val60,goals_per_win
Marie-Philip Poulin,31,MTL,F,30,589.5,19,3,4,17,21,11.63627751819811,1.7302798982188297,1.4445003230273916,1.4445003230273916,2.9516539440203564,0.3551024363623597,0.014204097454494389,1.1843539458725811,0.5342242137443554,1.7185781596169365,5.59,5.249,10.839,8.486,7.512,15.998,1.681,1.488,3.169,0.323,0.3206,-0.2304,5.0492
Laura Stacey,32,MTL,F,27,528.2166666666667,11,10,1,12,6,13.745176300028296,1.363077020162181,1.0510910096091624,1.0510910096091624,1.4766667718423625,-1.119884735815634,-0.044795389432625364,1.5613111627205334,0.3335973740266731,1.8949085367472065,8.327,2.937,11.264,10.923,4.965,15.888,2.163,0.983,3.146,0.357,0.3206,-0.2304,5.0492
Kendall Coyne Schofield,20,MIN,F,28,506.8833333333333,10,5,6,12,4,12.243410923261324,1.4204452043534017,0.9243230453205857,0.9243230453205857,1.183704336961168,-0.5660079559166502,-0.02264031823666601,1.4492578609062166,0.31011597807874486,1.7593738389849614,7.044,2.62,9.664,9.535,4.566,14.101,1.888,0.904,2.792,0.33,0.3206,-0.2304,5.0492
Sarah Fillier,205,NY,F,28,568.3166666666666,12,10,7,9,35,9.79659089387318,0.9501744919205843,1.3005363407593102,1.3005363407593102,2.0059239273879,0.5683779692029677,0.022735118768118706,1.0342745305710856,0.4909282014414704,1.525202732012556,3.967,4.65,8.617,6.76,6.832,13.592,1.339,1.353,2.692,0.284,0.3206,-0.2304,5.0492
Emily Clark,53,OTT,F,29,565.9499999999999,8,6,3,1,10,11.453967682516856,0.1060164325470448,0.12982589855548388,0.1298258985554839,2.226345083487941,0.40041397065591455,0.016016558826236583,1.2143087922095794,0.06275388230621079,1.2770626745157903,5.649,0.592,6.241,8.43,2.765,11.195,1.67,0.548,2.218,0.235,0.3206,-0.2304,5.0492
Hannah Miller,89,TOR,F,28,504.5333333333333,10,7,5,14,8,6.259741990026356,1.6649048625792813,1.9132336312573484,1.9132336312573484,1.189217758985201,-0.8324590558348967,-0.03329836223339587,0.7444196341204705,0.6554657450192495,1.3998853791397199,1.085,5.512,6.597,3.564,7.449,11.013,0.706,1.475,2.181,0.259,0.3206,-0.2304,5.0492
Daryl Watts,63,TOR,F,29,524.6333333333333,12,8,7,-2,12,11.780350643455675,-0.22873117733019888,-0.022312930331362155,-0.022312930331362137,1.3723870639811933,-0.6492897508389045,-0.02597159003355618,1.3472667360200912,-0.034004244952846555,1.3132624910672446,6.399,-0.297,6.102,8.977,1.717,10.694,1.778,0.34,2.118,0.242,0.3206,-0.2304,5.0492
Tereza Vanišová,161,OTT,F,29,465.95,14,5,3,-2,36,12.433978392763162,-0.2575383624852452,-0.26061991940638546,-0.26061991940638546,0.3863075437278678,-1.4396235691041586,-0.05758494276416634,1.601113217224573,-0.1514081137504651,1.449705103474108,7.655,-1.176,6.479,9.944,0.613,10.557,1.969,0.121,2.09,0.269,0.3206,-0.2304,5.0492
Hilary Knight,13,BOS,RW,28,625.1833333333333,15,7,4,-1,12,10.267360799009085,-0.09597184825784438,0.009666044799485088,0.009666044799485103,2.1113806616725763,0.5620825014215843,0.022483300056863373,0.9853775926110397,0.02596307618467801,1.0113406687957178,3.855,0.271,4.126,6.927,2.671,9.598,1.372,0.529,1.901,0.182,0.3206,-0.2304,5.0492
Michela Cava,115,MIN,F,28,458.6166666666667,8,8,2,11,10,7.384323136279501,1.4391103681360613,0.9765793595640533,0.9765793595640533,1.3082821528509647,-0.4414301400268535,-0.01765720560107414,0.9660778170078934,0.333911363841985,1.2999891808498785,2.68,2.552,5.232,4.934,4.313,9.247,0.977,0.854,1.831,0.24,0.3206,-0.2304,5.0492
Sophie Jaques,11,MIN,D,24,538.5,8,10,6,12,10,6.821369844181311,1.3370473537604457,0.8888402122688475,0.8888402122688475,3.0083565459610027,-0.5021311532161312,-0.02008524612864525,0.7600412082653272,0.2998972302881398,1.059938438553467,1.298,2.692,3.99,3.944,4.759,8.703,0.781,0.943,1.724,0.192,0.3206,-0.2304,5.0492
Jesse Compher,65,TOR,F,29,501.3666666666667,8,4,4,1,10,8.022514546057645,0.11967289408948872,0.3530089141203011,0.3530089141203011,2.9918223522372185,0.9701455374171207,0.03880582149668483,0.9600775336017393,0.1658890305799932,1.1259665641817325,2.88,1.386,4.266,5.344,3.311,8.655,1.058,0.656,1.714,0.205,0.3206,-0.2304,5.0492
Shiann Darkangelo,4,OTT,F,28,428.75,8,8,2,6,10,6.697387360713106,0.8396501457725948,0.8827214478288289,0.8827214478288289,2.099125364431487,0.27319425159946087,0.010927770063978435,0.9372437122863821,0.3287074912823568,1.265951203568739,2.3,2.349,4.649,4.406,3.995,8.401,0.873,0.791,1.664,0.233,0.3206,-0.2304,5.0492
Blayre Turnbull,76,TOR,F,29,548.0666666666666,5,5,1,0,16,8.436868340575982,0.0,0.23586972529535793,0.23586972529535796,1.532660260308965,-0.4890165545111328,-0.01956066218044531,0.923632344789975,0.06535243892588355,0.9889847837158585,2.815,0.597,3.412,5.508,2.702,8.21,1.091,0.535,1.626,0.178,0.3206,-0.2304,5.0492
Alex Carpenter,34,NY,F,25,518.0,12,8,1,4,0,5.890702130487803,0.46332046332046334,0.8381504868865225,0.8381504868865225,1.8532818532818534,0.4157358950969211,0.016629435803876845,0.6823207100951123,0.3183636110830249,1.000684321178137,0.577,2.749,3.326,3.123,4.738,7.861,0.619,0.938,1.557,0.18,0.3206,-0.2304,5.0492
Brianne Jenner,58,OTT,F,28,495.51666666666665,8,5,3,-1,8,9.134907969418714,-0.1210857354276681,-0.08975397816569719,-0.08975397816569718,0.3632572062830043,-1.4626739065490217,-0.05850695626196087,1.1061070495411314,-0.09081838840161185,1.0152886611395195,4.052,-0.75,3.302,6.487,1.153,7.64,1.285,0.228,1.513,0.183,0.3206,-0.2304,5.0492
Ronja Savolainen,223,OTT,D,27,455.9,2,7,1,10,18,3.9213683598248195,1.3160780872998463,1.3884289161274412,1.3884289161274412,4.606273305549463,1.019566786418121,0.040782671456724845,0.5160826970596385,0.5406170812626037,1.0566997783222423,-0.755,4.108,3.353,1.485,5.858,7.343,0.294,1.16,1.454,0.191,0.3206,-0.2304,5.0492
Denisa Křížová,104,MIN,F,28,417.5333333333333,4,3,2,7,10,6.278975267223409,1.005907711959125,0.5478109012441084,0.5478109012441084,1.8681143222098038,0.11840202933198557,0.0047360811732794226,0.9022956635000908,0.20194800562115842,1.1042436691212492,1.996,1.405,3.401,4.048,3.009,7.057,0.802,0.596,1.398,0.201,0.3206,-0.2304,5.0492
Britta Curl-Salemme,189,MIN,F,26,433.93333333333334,10,2,2,3,22,7.330198486909498,0.4148102627131664,-0.05102086298843522,-0.05102086298843521,3.456752189276387,1.7070398963985687,0.06828159585594275,1.0135471866981944,0.04991408518010607,1.0634612718783005,2.879,0.361,3.24,5.012,2.027,7.039,0.993,0.401,1.394,0.193,0.3206,-0.2304,5.0492
Jessie Eldridge,36,NY,F,28,522.55,8,9,7,-1,16,6.972365614535746,-0.11482154817720794,0.25178712553967575,0.25178712553967575,1.492680126303703,0.05513416811877081,0.0022053667247508325,0.8005778143185242,0.09284873191903409,0.8934265462375582,1.612,0.809,2.421,4.18,2.815,6.995,0.828,0.558,1.386,0.159,0.3206,-0.2304,5.0492
Taylor Heise,21,MIN,F,27,469.96666666666664,7,9,6,3,6,7.518509055096513,0.38300588694233634,-0.07909408640785753,-0.07909408640785752,1.6596921767501243,-0.09002011612769395,-0.003600804645107758,0.9598777430437424,-0.03207467575193647,0.927803067291806,2.698,-0.251,2.447,5.007,1.553,6.56,0.992,0.308,1.3,0.166,0.3206,-0.2304,5.0492
Julia Gosling,210,TOR,F,29,391.3333333333333,4,3,3,2,6,5.788752733703223,0.30664395229982966,0.5450226436382812,0.5450226436382812,1.839863713798978,-0.1818131010211198,-0.007272524040844793,0.8875430085745998,0.18893562766893643,1.0764786362435361,1.775,1.232,3.007,3.698,2.735,6.433,0.732,0.542,1.274,0.195,0.3206,-0.2304,5.0492
Jennifer Gardiner,198,MTL,F,30,525.75,5,8,5,10,2,4.768957909376365,1.1412268188302426,0.8999481572084659,0.8999481572084659,1.255349500713267,-1.3412020069447297,-0.05364808027778919,0.5442462664052913,0.2703332563172585,0.8145795227225499,-0.624,2.369,1.745,1.96,4.388,6.348,0.388,0.869,1.257,0.143,0.3206,-0.2304,5.0492
Kelly Pannek,23,MIN,F,28,501.71666666666664,3,6,1,3,12,7.160456627871965,0.35876822908015815,-0.09613194561258265,-0.09613194561258263,2.2721987841743347,0.5224864912965166,0.020899459651860665,0.856314781262302,-0.013708040768669084,0.8426067404936329,2.014,-0.115,1.899,4.48,1.812,6.292,0.887,0.359,1.246,0.149,0.3206,-0.2304,5.0492
Hayley Scamurra,61,OTT,F,5,82.01666666666667,0,0,0,1,0,5.7433451342620625,0.7315586262954684,0.547689117781943,0.547689117781943,8.047144889250152,6.221213776418126,0.24884855105672504,4.201593676761517,0.4460166334582245,4.647610310219742,4.902,0.61,5.512,5.305,0.925,6.23,1.051,0.183,1.234,0.903,0.3206,-0.2304,5.0492
Renata Fast,67,TOR,D,29,734.0833333333333,5,6,11,-1,36,5.904328072312731,-0.08173458962424793,0.18479698269111333,0.18479698269111336,4.004994891588149,0.22254267046873555,0.008901706818749423,0.482587831997408,0.07542862058755023,0.5580164525849582,-1.625,0.923,-0.702,1.982,3.742,5.724,0.393,0.741,1.134,0.093,0.3206,-0.2304,5.0492
Abby Roque,42,NY,F,28,616.5,6,5,5,-8,6,8.236072085802805,-0.7785888077858881,-0.4120487081006454,-0.4120487081006454,0.875912408759124,-0.5616335494258083,-0.022465341977032333,0.8015641932654798,-0.17080287689326468,0.6307613163722151,1.913,-1.755,0.158,4.942,0.612,5.554,0.979,0.121,1.1,0.107,0.3206,-0.2304,5.0492
Brooke McQuigge,192,MIN,F,27,359.6666666666667,8,0,7,3,10,5.725273908219063,0.5004633920296571,0.038695803788133976,0.03869580378813399,1.6682113067655235,-0.08150098611229467,-0.003260039444491787,0.955096666802068,0.01067044991923645,0.9657671167213044,2.036,0.064,2.1,3.803,1.445,5.248,0.753,0.286,1.039,0.173,0.3206,-0.2304,5.0492
Victoria Bach,125,OTT,F,24,287.95,3,3,0,4,4,4.080715888509632,0.8334780343809689,0.8825939735145316,0.8825939735145316,1.4585865601666956,-0.3673445526653306,-0.014693782106613224,0.8502967644055492,0.30304004835861814,1.1533368127641674,1.127,1.454,2.581,2.542,2.56,5.102,0.503,0.507,1.01,0.21,0.3206,-0.2304,5.0492
Mannon McMahon,220,OTT,F,29,418.06666666666666,3,3,0,2,6,4.459785556563885,0.287035560516664,0.3507674683183184,0.3507674683183184,2.8703556051666403,1.0444244923346142,0.04177697969338457,0.6400585235062185,0.16805326828797917,0.8081117917941977,0.172,1.171,1.343,2.226,2.776,5.002,0.441,0.55,0.991,0.142,0.3206,-0.2304,5.0492
Shay Maloney,183,BOS,C,28,364.1666666666667,2,1,3,0,8,5.18230040647588,0.0,0.1147829053617951,0.11478290536179511,1.977116704805492,0.4278185445545001,0.017112741782180002,0.8538343919136461,0.05843458771242624,0.9122689796260723,1.447,0.355,1.802,3.236,1.753,4.989,0.641,0.347,0.988,0.163,0.3206,-0.2304,5.0492
Gabbie Hughes,57,OTT,F,28,518.5666666666666,5,7,3,-3,16,6.640088662630213,-0.3471106254419233,-0.2922929239057115,-0.2922929239057115,1.851256669023591,0.025325556191564735,0.0010130222476625894,0.7682817762251324,-0.10421243035839355,0.6640693458667388,1.321,-0.901,0.42,3.869,1.091,4.96,0.766,0.216,0.982,0.114,0.3206,-0.2304,5.0492
Erin Ambrose,83,MTL,D,28,602.3166666666666,0,5,7,10,4,2.5318789091527307,0.9961537397271646,0.7751774431579449,0.7751774431579449,4.881153324663107,0.5238264107057949,0.0209530564282318,0.25221406438888266,0.30001693596509194,0.5522310003539745,-3.646,3.012,-0.634,-0.687,5.325,4.638,-0.136,1.055,0.919,0.092,0.3206,-0.2304,5.0492
Alina Müller,15,BOS,LW,24,423.25,7,7,2,0,6,4.902443652822759,0.0,0.12582722059257823,0.12582722059257825,1.2758417011222682,-0.27345645912872374,-0.01093825836514895,0.6949713388526062,0.03435954104817922,0.7293308799007854,0.561,0.242,0.803,2.641,1.868,4.509,0.523,0.37,0.893,0.127,0.3206,-0.2304,5.0492
Alexa Vasko,101,OTT,F,23,206.55,2,2,0,6,8,2.1882232982586163,1.7429193899782134,1.8069578195479217,1.8069578195479217,4.066811909949164,2.2408807971171383,0.08963523188468553,0.6356494693561703,0.7401400469219372,1.3757895162781075,0.07,2.548,2.618,1.085,3.341,4.426,0.215,0.662,0.877,0.255,0.3206,-0.2304,5.0492
Mikyla Grant-Mentis,138,MTL,F,30,388.98333333333335,3,3,1,4,18,3.935505764549364,0.616993015981833,0.3713485322744492,0.3713485322744492,3.239213333904623,0.6426618262466263,0.02570647304986505,0.6070448927708003,0.15939194466866674,0.766436837439467,-0.054,1.033,0.979,1.857,2.527,4.384,0.368,0.5,0.868,0.134,0.3206,-0.2304,5.0492
Hayley Scamurra,61,TOR,F,18,261.98333333333335,1,0,1,-4,6,5.7433451342620625,-0.9160888097207202,-0.7074519268721552,-0.7074519268721552,2.5192442267319803,0.4975674119118826,0.019902696476475305,1.3153535519653554,-0.23477999719750053,1.080573554767855,3.056,-1.025,2.031,4.343,-0.019,4.324,0.86,-0.004,0.856,0.196,0.3206,-0.2304,5.0492
Hannah Brandt,1,BOS,C,28,439.05,3,3,3,5,14,2.6785725845585215,0.683293474547318,0.8319876129170841,0.8319876129170841,1.9132217287324904,0.3639235684814984,0.014556942739259938,0.3660502336260364,0.31407248338941024,0.6801227170154467,-1.825,2.298,0.473,0.333,3.984,4.317,0.066,0.789,0.855,0.117,0.3206,-0.2304,5.0492
Jade Downie-Landry,35,NY,F,28,325.5833333333333,5,2,0,0,31,3.945810937559833,0.0,0.37171329033960837,0.37171329033960837,1.289992321474277,-0.14755363671065524,-0.00590214546842621,0.7271522587773432,0.1279146390538328,0.8550668978311761,0.606,0.694,1.3,2.206,1.944,4.15,0.437,0.385,0.822,0.151,0.3206,-0.2304,5.0492
Jessica Digirolamo,5,BOS,RD,28,484.66666666666663,1,1,3,6,12,2.1474842536517382,0.7427785419532326,0.8984386383059405,0.8984386383059405,3.5900962861072903,0.28002271955698255,0.011200908782279303,0.2658508704658273,0.3346388185724179,0.6004896890382452,-2.824,2.703,-0.121,-0.442,4.564,4.122,-0.088,0.904,0.816,0.101,0.3206,-0.2304,5.0492
Sarah Nurse,75,TOR,F,21,407.0833333333333,6,5,3,-10,8,7.340686988273096,-1.473899692937564,-1.249035923416783,-1.249035923416783,2.6530194472876154,0.6313426324675177,0.025253705298700708,1.0819436297966487,-0.42439922713134115,0.6575444026653076,3.165,-2.879,0.286,5.166,-1.316,3.85,1.023,-0.261,0.762,0.112,0.3206,-0.2304,5.0492
Ella Shelton,44,NY,D,22,539.0833333333334,8,4,3,-1,10,3.44663560740376,-0.11130004637501931,0.2842965898050045,0.2842965898050045,3.8955016231256763,0.6971802586414283,0.027887210345657134,0.38361070294183136,0.13023398267545874,0.5138446856172901,-2.083,1.17,-0.913,0.566,3.24,3.806,0.112,0.642,0.754,0.084,0.3206,-0.2304,5.0492
Natalie Spooner,100,TOR,F,13,228.03333333333333,3,1,1,-1,0,4.072610834945664,-0.26311942698435903,-0.03753537835191073,-0.03753537835191072,2.3680748428592313,0.34639802803913355,0.013855921121565343,1.071583029221195,0.0003431849148774861,1.0719262141360724,1.734,0.001,1.735,2.854,0.877,3.731,0.565,0.174,0.739,0.194,0.3206,-0.2304,5.0492
Claire Dalton,26,MTL,F,30,395.65,3,5,1,2,4,4.173811064040757,0.3032983697712625,0.05585258682262784,0.05585258682262785,2.274737773284469,-0.3218137343735278,-0.012872549374941112,0.6329550457284101,0.007234381881204914,0.6401894276096151,0.116,0.048,0.164,2.06,1.567,3.627,0.408,0.31,0.718,0.109,0.3206,-0.2304,5.0492
Micah Zandee-Hart,47,NY,D,28,678.85,1,3,4,-3,16,4.0248600938850725,-0.2651543050747588,0.13238018504947288,0.1323801850494729,3.358621197613611,0.16029983312936313,0.006411993325174526,0.35573632707240826,0.05406885994298477,0.40980518701539304,-2.938,0.612,-2.326,0.398,3.219,3.617,0.079,0.638,0.717,0.063,0.3206,-0.2304,5.0492
Susanna Tapani,78,BOS,C,28,602.5833333333333,10,4,3,-4,8,5.418364536780333,-0.39828516111187945,-0.2616503624650608,-0.2616503624650608,1.5931406444475178,0.04384248419652581,0.0017536993678610325,0.5395135481236123,-0.09244043111956085,0.44707311700405145,-0.762,-0.928,-1.69,2.199,1.386,3.585,0.436,0.274,0.71,0.071,0.3206,-0.2304,5.0492
Dominique Petrie,195,MIN,F,17,259.5333333333333,3,4,2,2,4,3.593643994524263,0.46236835345491917,0.009242434340515304,0.00924243434051532,3.6989468276393533,1.9492345347615352,0.0779693813904614,0.830793628325671,0.08129665775304692,0.912090286078718,0.932,0.352,1.284,2.207,1.348,3.555,0.437,0.267,0.704,0.163,0.3206,-0.2304,5.0492
Catherine Dubois,157,MTL,F,24,228.21666666666667,6,2,1,-1,27,4.893539283336629,-0.2629080552106916,-0.5557924625953794,-0.5557924625953794,1.0516322208427664,-1.5449192868152304,-0.061796771472609216,1.2865508960791545,-0.2618820580069458,1.0246688380722087,2.553,-0.996,1.557,3.674,-0.12,3.554,0.728,-0.024,0.704,0.185,0.3206,-0.2304,5.0492
Jocelyne Larocque,71,TOR,D,6,154.7,0,0,2,0,0,3.027719093977739,0.0,0.21844354241481403,0.21844354241481406,8.92049127343245,5.138039052313037,0.20552156209252148,1.1742931198362274,0.28416123736185456,1.458454357198082,1.441,0.733,2.174,2.201,1.327,3.528,0.436,0.263,0.699,0.271,0.3206,-0.2304,5.0492
Emma Woods,86,TOR,F,29,334.6166666666667,3,0,1,2,14,2.4779812311023797,0.358619315634806,0.6278108903505186,0.6278108903505186,3.227573840713254,1.2058970258931563,0.04823588103572625,0.4443259666269147,0.2742478015619129,0.7185737681888276,-0.954,1.529,0.575,0.69,2.814,3.504,0.137,0.557,0.694,0.124,0.3206,-0.2304,5.0492
Paetyn Levis,40,NY,F,28,401.98333333333335,5,2,2,-1,10,3.608177932658309,-0.1492599195654878,0.23556474342908904,0.23556474342908906,1.1940793565239023,-0.24346660166102996,-0.009738664066441199,0.5385563480065472,0.07506464356803086,0.6136209915745781,-0.515,0.503,-0.012,1.46,2.047,3.507,0.289,0.405,0.694,0.104,0.3206,-0.2304,5.0492
Anna Wilgren,203,MTL,D,30,497.68333333333334,3,1,5,7,8,1.5143043657783435,0.8439101168748534,0.627776072569913,0.627776072569913,6.871839523123807,2.5145126091664944,0.10058050436665977,0.18256239632972898,0.32657989049182845,0.5091422868215574,-3.591,2.709,-0.882,-1.145,4.62,3.475,-0.227,0.915,0.688,0.083,0.3206,-0.2304,5.0492
Jamie Lee Rattray,16,BOS,LW,28,422.23333333333335,3,4,1,0,8,3.949773100711333,0.0,0.1351223538952202,0.13512235389522023,0.8526091418646877,-0.6966890183863043,-0.02786756073545217,0.5612687756596194,0.02077648666682711,0.5820452623264465,-0.381,0.146,-0.235,1.694,1.768,3.462,0.335,0.35,0.685,0.097,0.3206,-0.2304,5.0492
Victoria Bach,125,TOR,F,6,75.81666666666666,1,0,0,-2,2,4.080715888509632,-1.5827654429544955,-1.5071955054235053,-1.5071955054235053,5.539679050340734,3.518002235520636,0.14072008942082545,3.2294080454241976,-0.4018702925316364,2.827537752892561,3.303,-0.508,2.795,3.676,-0.217,3.459,0.728,-0.043,0.685,0.542,0.3206,-0.2304,5.0492
Mae Batherson,188,MIN,D,23,364.4166666666667,0,1,2,12,6,1.1560838009457117,1.9757603475874683,1.567159018883641,1.567159018883641,1.1525268694260233,-2.3579608297511108,-0.09431843319004443,0.19034537769972842,0.46985881360806636,0.6602041913077947,-2.582,2.854,0.272,-0.791,4.253,3.462,-0.157,0.842,0.685,0.113,0.3206,-0.2304,5.0492
Gabby Rosenthal,227,NY,F,27,369.01666666666665,1,2,1,-1,8,3.274443133424622,-0.16259428210107946,0.22265797784971147,0.2226579778497115,2.2763199494151123,0.83877399123018,0.0335509596492072,0.5324057305599855,0.11370783167510334,0.6461135622350889,-0.511,0.699,0.188,1.303,2.116,3.419,0.258,0.419,0.677,0.11,0.3206,-0.2304,5.0492
Alexandra Labelle,39,MTL,F,19,307.4,1,1,2,4,2,2.707505331960042,0.7807417046193885,0.5405601316496501,0.5405601316496501,2.7325959661678594,0.1360444585098627,0.005441778340394507,0.5284655820351416,0.20004342573426853,0.7285090077694101,-0.446,1.025,0.579,1.065,2.205,3.27,0.211,0.437,0.648,0.126,0.3206,-0.2304,5.0492
Grace Zumwinkle,25,MIN,F,20,325.3666666666667,4,2,2,-6,0,6.749197956248837,-1.1064440118840282,-1.588338267709808,-1.588338267709808,1.6596660178260423,-0.09004627505177593,-0.003601851002071037,1.2446016106185744,-0.5754036273776019,0.6691979832409726,3.412,-3.12,0.292,5.011,-1.871,3.14,0.992,-0.371,0.621,0.115,0.3206,-0.2304,5.0492
Lina Ljungblom,201,MTL,F,29,380.1166666666667,3,2,1,-3,8,5.043740203946699,-0.4735388257990968,-0.7323290812165262,-0.7323290812165262,3.1569255053273118,0.5603739976693151,0.022414959906772603,0.7961356046042055,-0.2412235093311768,0.5549120952730286,1.145,-1.528,-0.383,3.013,-0.069,2.944,0.597,-0.014,0.583,0.092,0.3206,-0.2304,5.0492
Emily Brown,2,BOS,LD,27,491.66666666666663,1,2,0,4,12,1.2748709413858132,0.488135593220339,0.6514620044515982,0.6514620044515982,4.7593220338983055,1.449248467347998,0.05796993869391992,0.155577470813184,0.2924962602964952,0.4480737311096792,-3.768,2.397,-1.371,-1.352,4.285,2.933,-0.268,0.849,0.581,0.071,0.3206,-0.2304,5.0492
Aneta Tejralová,62,OTT,D,29,562.6,1,2,6,3,18,2.1573793000572365,0.3199431212228937,0.41217716889818246,0.41217716889818246,3.945965161749022,0.3592586426176799,0.014370345704707197,0.230079555640658,0.16275412650805288,0.39283368214871084,-3.613,1.526,-2.087,-0.849,3.687,2.838,-0.168,0.73,0.562,0.06,0.3206,-0.2304,5.0492
Savannah Harmon,56,OTT,D,5,106.69999999999999,0,0,0,-1,0,2.813538263981941,-0.5623242736644799,-0.5640854633374737,-0.5640854633374737,11.246485473289598,7.659778954158255,0.3063911581663302,1.5821208607208668,0.1033203913648397,1.6854412520857065,1.719,0.184,1.903,2.243,0.593,2.836,0.444,0.117,0.561,0.315,0.3206,-0.2304,5.0492
Emma Maltais,73,TOR,F,29,561.9666666666667,3,3,2,-4,14,4.446314757066441,-0.42707159380746185,-0.15999329810515334,-0.1599932981051533,1.1744468829705201,-0.8472299318495776,-0.0338891972739831,0.47472368246750063,-0.09148678459183829,0.38323689787566234,-1.318,-0.857,-2.175,1.444,1.301,2.745,0.286,0.258,0.544,0.058,0.3206,-0.2304,5.0492
Sophie Shirley,18,BOS,RW,26,261.9,0,0,4,1,29,2.6467159323328073,0.22909507445589922,0.36108336637791016,0.36108336637791016,0.9163802978235969,-0.6329178624273951,-0.025316714497095806,0.6063495835813992,0.10467329739895184,0.711022880980351,-0.04,0.457,0.417,1.247,1.463,2.71,0.247,0.29,0.537,0.123,0.3206,-0.2304,5.0492
Theresa Schafzahl,17,BOS,RW,28,357.8833333333333,3,1,0,0,6,2.662863732674117,0.0,0.14310567599963558,0.1431056759996356,1.5088716062031389,-0.040426554047853114,-0.0016170621619141245,0.4464354974911201,0.0499009811979547,0.4963364786890748,-1.008,0.298,-0.71,0.751,1.672,2.423,0.149,0.331,0.48,0.08,0.3206,-0.2304,5.0492
Mellissa Channell-Watkins,129,MIN,D,27,474.5333333333333,1,6,0,6,2,2.219557063841677,0.7586400674346727,0.34376131103111307,0.34376131103111307,3.161000280977803,-0.3494874181993311,-0.013979496727973245,0.2806408200979923,0.10977457524322745,0.3904153953412197,-2.648,0.868,-1.78,-0.316,2.69,2.374,-0.063,0.533,0.47,0.059,0.3206,-0.2304,5.0492
Claire Thompson,169,MIN,D,28,615.8333333333334,4,9,3,2,8,4.404068954381085,0.19485791610284167,-0.23034074526267234,-0.23034074526267231,2.6305818673883627,-0.8799058317887711,-0.035196233271550845,0.42908384941195954,-0.11811890156611288,0.31096494784584666,-1.913,-1.212,-3.125,1.113,1.153,2.266,0.22,0.228,0.448,0.044,0.3206,-0.2304,5.0492
Ashton Bell,50,OTT,D,26,472.46666666666664,3,0,3,0,0,2.5263029805239943,0.0,0.08592547364070119,0.0859254736407012,4.06377874982362,0.4770722306922782,0.01908288922769113,0.3208230114959214,0.05001605973834356,0.37083907123426496,-2.32,0.394,-1.926,0.002,2.208,2.21,0.0,0.437,0.437,0.055,0.3206,-0.2304,5.0492
Jaime Bourbonnais,87,NY,D,28,650.9833333333333,2,3,2,-4,14,3.4314035730797383,-0.3686730331037661,0.031605438744365694,0.03160543874436571,2.119869940346655,-1.0784514241375929,-0.04313805696550371,0.3162664907726019,-0.03176009901753206,0.2845063917550698,-3.246,-0.345,-3.591,-0.047,2.155,2.108,-0.009,0.427,0.418,0.039,0.3206,-0.2304,5.0492
Clair DeGeorge,116,MTL,F,26,222.21666666666667,0,1,1,4,6,1.3093771522923385,1.0800270006750168,0.8520063791476163,0.8520063791476163,2.1600540013500336,-0.43649750630796313,-0.017459900252318524,0.3535406696356723,0.28926239624082334,0.6428030658764956,-0.97,1.071,0.101,0.122,1.925,2.047,0.024,0.381,0.405,0.109,0.3206,-0.2304,5.0492
Kati Tabin,84,MTL,D,28,521.65,4,2,2,3,23,2.6934275283047393,0.34505894757020994,0.12007942263428528,0.1200794226342853,3.5656091248921693,-0.7917177890651431,-0.03166871156260573,0.3097970894244884,0.011559880585736974,0.3213569700102254,-2.657,0.101,-2.556,-0.094,2.104,2.01,-0.019,0.417,0.398,0.046,0.3206,-0.2304,5.0492
Savannah Harmon,56,TOR,D,23,527.65,0,2,2,-1,2,2.813538263981941,-0.11371174073723112,0.16412780132563018,0.1641278013256302,2.2742348147446223,-1.5082174063747913,-0.060328696254991654,0.3199323336281938,-0.0012426877777647824,0.318689645850429,-2.599,-0.011,-2.61,-0.006,2.015,2.009,-0.001,0.399,0.398,0.045,0.3206,-0.2304,5.0492
Liz Schepers,97,MIN,F,25,270.1,2,5,0,-1,0,3.2180224362592873,-0.22213994816734542,-0.6672054455084905,-0.6672054455084905,3.1099592743428355,1.3602469814650173,0.05440987925860069,0.7148513371919927,-0.18578408112445588,0.5290672560675368,0.448,-0.836,-0.388,1.775,0.201,1.976,0.352,0.04,0.392,0.087,0.3206,-0.2304,5.0492
Sidney Morin,167,BOS,RD,28,554.0666666666666,3,2,2,0,10,3.1056176620368423,0.0,0.15076184671482784,0.15076184671482787,1.0829021778366024,-2.227171388713705,-0.0890868555485482,0.3363080129747513,-0.034812590731210166,0.30149542224354114,-2.578,-0.321,-2.899,0.145,1.806,1.951,0.029,0.358,0.387,0.042,0.3206,-0.2304,5.0492
Danielle Serdachny,224,OTT,F,29,448.5833333333333,1,1,5,-7,16,4.960333650408347,-0.9362808842652796,-0.8741763227027823,-0.8741763227027823,1.8725617685305591,0.046630655698532864,0.0018652262279413145,0.6634665109221642,-0.3128382499450603,0.3506282609771039,0.359,-2.339,-1.98,2.563,-0.616,1.947,0.508,-0.122,0.386,0.052,0.3206,-0.2304,5.0492
Kali Flanagan,68,TOR,D,29,642.5333333333333,3,3,1,-4,6,4.044086100774585,-0.3735214774849554,-0.09969370758331053,-0.09969370758331052,1.9609877567960157,-1.8214644643233977,-0.07285857857293591,0.3776382538594238,-0.1087483133029277,0.26888994055649607,-2.546,-1.165,-3.711,0.611,1.303,1.914,0.121,0.258,0.379,0.035,0.3206,-0.2304,5.0492
Elizabeth Giguère,37,NY,F,27,282.46666666666664,2,0,2,-1,4,2.1715773197133794,-0.2124144441822044,0.17778293636020293,0.17778293636020295,0.6372433325466133,-0.8003026256383191,-0.03201210502553276,0.46127438936559867,0.031989752064140294,0.49326414142973896,-0.726,0.151,-0.575,0.662,1.235,1.897,0.131,0.245,0.376,0.08,0.3206,-0.2304,5.0492
Izzy Daniel,209,TOR,F,29,394.35,2,5,0,-5,8,3.546113521715576,-0.7607455306200075,-0.49817319000664295,-0.49817319000664295,2.1300874857360212,0.10841067091592349,0.004336426836636939,0.53953800254326,-0.17500592156575454,0.36453208097750545,-0.499,-1.15,-1.649,1.439,0.364,1.803,0.285,0.072,0.357,0.054,0.3206,-0.2304,5.0492
Maja Nylen Persson,229,NY,D,21,409.8333333333333,2,2,2,0,2,1.7997987531117212,0.0,0.4039473857535038,0.4039473857535038,1.6104107360715738,-1.5879106284126743,-0.06351642513650697,0.26349229407084984,0.08190463373475439,0.3453969278056042,-2.404,0.559,-1.845,-0.39,2.133,1.743,-0.077,0.422,0.345,0.051,0.3206,-0.2304,5.0492
Hannah Bilka,181,BOS,LW,16,327.8833333333333,5,2,4,-4,6,3.5566596458356923,-0.7319676714278454,-0.6030723947802044,-0.6030723947802044,0.7319676714278454,-0.8173304888231466,-0.03269321955292587,0.6508399697559342,-0.24979928167379942,0.4010406880821348,0.194,-1.365,-1.171,1.805,-0.106,1.699,0.357,-0.021,0.336,0.061,0.3206,-0.2304,5.0492
Megan Carter,208,TOR,D,18,317.23333333333335,0,0,1,2,10,0.8206730592354412,0.3782704633813176,0.6675610942843648,0.6675610942843648,3.971839865503835,0.18938764438442146,0.007575505775376859,0.15521818920077693,0.2478974997177482,0.4031156889185251,-2.433,1.311,-1.122,-0.874,2.529,1.655,-0.173,0.501,0.328,0.062,0.3206,-0.2304,5.0492
Jill Saulnier,149,BOS,F,17,231.81666666666666,2,3,0,-1,8,1.7185136599832214,-0.2588252210798763,-0.11560547369841011,-0.1156054736984101,4.141203537278021,2.5919053770270293,0.10367621508108117,0.44479467797394473,0.062058244549653536,0.5068529225235983,-0.659,0.24,-0.419,0.48,1.13,1.61,0.095,0.224,0.319,0.083,0.3206,-0.2304,5.0492
Zoe Boyd,52,OTT,D,23,291.55,0,1,2,2,25,1.3741803410212932,0.41159320871205624,0.5001619648300801,0.5001619648300801,2.057966043560281,-1.5287404755710607,-0.06114961902284243,0.28280164795499085,0.11890868831598639,0.40171033627097724,-1.616,0.578,-1.038,-0.184,1.697,1.513,-0.036,0.336,0.3,0.062,0.3206,-0.2304,5.0492
Jocelyne Larocque,71,OTT,D,24,519.2833333333333,0,1,4,-2,12,3.027719093977739,-0.23108771704592868,-0.14717913987324593,-0.1471791398732459,2.65750874602818,-0.9291977731031619,-0.037167910924126475,0.3498343466418417,-0.090152401278495,0.2596819453633467,-2.299,-0.78,-3.079,0.253,1.214,1.467,0.05,0.24,0.29,0.034,0.3206,-0.2304,5.0492
Rebecca Leslie,72,OTT,F,26,277.1333333333333,1,0,2,-6,2,3.971723709102032,-1.2990137118114025,-1.2505645133088292,-1.2505645133088292,1.5155159971133028,-0.3104151157187235,-0.01241660462874894,0.8598872596083303,-0.46261982941992746,0.3972674301884029,1.129,-2.137,-1.008,2.491,-1.073,1.418,0.493,-0.213,0.28,0.061,0.3206,-0.2304,5.0492
Allie Munroe,74,TOR,D,29,549.4333333333334,1,0,1,-2,8,1.8276444488804389,-0.21840684341442695,0.06779936138494935,0.06779936138494937,4.258933446581326,0.47648122546191296,0.01905924901847652,0.19958502748193835,0.04346701911705829,0.24305204659899665,-3.808,0.398,-3.41,-1.108,2.508,1.4,-0.219,0.497,0.278,0.03,0.3206,-0.2304,5.0492
Taylor Girard,9,NY,LW,16,151.35,1,0,2,-1,10,1.4945508441859419,-0.39643211100099107,-0.015356825595589485,-0.01535682559558947,2.7750247770069376,1.3374788188220053,0.05349915275288021,0.5924879461589463,0.047970695538468,0.6404586416974143,-0.058,0.121,0.063,0.686,0.702,1.388,0.136,0.139,0.275,0.109,0.3206,-0.2304,5.0492
Maureen Murphy,98,MTL,F,28,370.3333333333333,3,1,2,-5,10,4.239137352367441,-0.8100810081008102,-1.0612707660308431,-1.0612707660308431,2.7542754275427543,0.15772391988475765,0.006308956795390306,0.6868089319767232,-0.3757485189757132,0.31106041300101,0.441,-2.319,-1.878,2.26,-0.897,1.363,0.448,-0.178,0.27,0.044,0.3206,-0.2304,5.0492
Anna Meixner,221,OTT,F,27,312.95,1,1,0,-5,6,3.375249618343855,-0.9586195877935774,-0.8953783282099774,-0.8953783282099774,1.9172391755871547,0.09130806275512848,0.0036523225102051394,0.647116079567443,-0.3186838756453867,0.3284322039220563,0.165,-1.662,-1.497,1.703,-0.46,1.243,0.337,-0.091,0.246,0.047,0.3206,-0.2304,5.0492
Natalie Snodgrass,142,OTT,F,20,173.61666666666667,1,1,0,-2,2,2.0986609778853116,-0.6911778823077661,-0.6333702397458416,-0.6333702397458416,1.7279447057694153,-0.09798640706261097,-0.003919456282504439,0.7252740251883577,-0.23193274259100743,0.4933412825973503,0.318,-0.671,-0.353,1.171,-0.004,1.167,0.232,-0.001,0.231,0.08,0.3206,-0.2304,5.0492
Stephanie Markowski,219,OTT,D,26,325.5833333333333,1,1,4,1,10,1.071623268112519,0.18428461735346816,0.27878476199507995,0.27878476199507995,3.685692347069363,0.09898582793802102,0.003959433117520841,0.19748368391118856,0.10432194743574962,0.30180563134693816,-2.268,0.566,-1.702,-0.668,1.816,1.148,-0.132,0.36,0.228,0.042,0.3206,-0.2304,5.0492
Chloe Aurard,33,NY,F,25,191.81666666666666,2,0,2,-2,2,1.545451445128539,-0.6255973585889304,-0.2369392268936374,-0.23693922689363736,2.5023894343557216,1.0648434761707892,0.04259373904683157,0.48341517094992964,-0.04270438263487787,0.4407107883150518,-0.422,-0.137,-0.559,0.521,0.6,1.121,0.103,0.119,0.222,0.069,0.3206,-0.2304,5.0492
Elle Hartje,206,NY,F,25,414.3,0,3,3,-7,4,3.328313813843089,-1.0137581462708183,-0.6250026757227929,-0.6250026757227929,1.3034033309196236,-0.13414262726530868,-0.005365705090612348,0.48201503458987527,-0.2303666683508178,0.2516483662390575,-0.921,-1.591,-2.512,1.115,0.0,1.115,0.221,0.0,0.221,0.032,0.3206,-0.2304,5.0492
Loren Gabel,8,BOS,RW,19,168.71666666666667,1,0,1,-2,4,1.9330020248642161,-0.7112516052553591,-0.5848997833559288,-0.5848997833559288,1.7781290131383978,0.2288308528874058,0.009153234115496232,0.6874253965732666,-0.20141068789263813,0.48601470868062846,0.202,-0.566,-0.364,1.031,0.082,1.113,0.204,0.016,0.22,0.078,0.3206,-0.2304,5.0492
Kaitlin Willoughby,128,MTL,F,7,76.63333333333334,0,1,0,0,0,1.3212964530851583,0.0,-0.2753621297349662,-0.2753621297349662,3.1317964332318398,0.5352449255738431,0.021409797022953723,1.0345078797534948,-0.0777205696816341,0.9567873100718607,0.535,-0.099,0.436,0.912,0.195,1.107,0.181,0.039,0.22,0.172,0.3206,-0.2304,5.0492
Emma Greco,118,BOS,LD,26,290.8666666666667,0,2,0,1,8,0.8098051687890548,0.206280082512033,0.3688091432798824,0.3688091432798824,3.713041485216594,0.40296791866628634,0.016118716746651454,0.16704667703647705,0.14889000832740912,0.3159366853638862,-2.174,0.722,-1.452,-0.744,1.839,1.095,-0.147,0.364,0.217,0.045,0.3206,-0.2304,5.0492
Mariah Keopple,99,MTL,D,29,496.18333333333334,3,1,0,1,14,1.1437148588026054,0.12092304591716771,-0.09213393638703088,-0.09213393638703087,7.2553827550300625,2.89805584107275,0.11592223364291,0.13830148438713444,0.08275401654357889,0.22105550093071333,-3.946,0.684,-3.262,-1.508,2.59,1.082,-0.299,0.513,0.214,0.026,0.3206,-0.2304,5.0492
Kateřina Mrázová,88,OTT,F,13,215.46666666666667,3,3,1,-4,4,2.725412088971053,-1.1138613861386137,-1.0583937361234825,-1.0583937361234825,1.9492574257425743,0.12332631291054807,0.004933052516421923,0.7589328218050582,-0.3760886924880318,0.3828441293170264,0.515,-1.351,-0.836,1.574,-0.523,1.051,0.312,-0.104,0.208,0.058,0.3206,-0.2304,5.0492
Amanda Pelkey,110,BOS,LW,23,212.73333333333332,2,1,1,-4,8,2.7730006802496696,-1.1281729865246004,-1.008403460998499,-1.008403460998499,0.5640864932623002,-0.9852116669886918,-0.03940846667954767,0.7821061147680046,-0.40243371263900735,0.3796724021289973,0.591,-1.427,-0.836,1.636,-0.61,1.026,0.324,-0.121,0.203,0.057,0.3206,-0.2304,5.0492
Lexie Adzija,49,BOS,C,28,286.3833333333333,2,3,1,-5,6,2.960920339934349,-1.0475469941220974,-0.9165313741888937,-0.9165313741888937,1.676075190595356,0.12677703034436394,0.005071081213774558,0.6203406403866413,-0.3248802134942272,0.2954604268924141,0.023,-1.551,-1.528,1.431,-0.451,0.98,0.283,-0.089,0.194,0.041,0.3206,-0.2304,5.0492
Cayla Barnes,196,MTL,D,30,654.35,2,8,3,-1,12,3.582076217980494,-0.0916940475280813,-0.3179706933598297,-0.3179706933598297,3.392679758539008,-0.9646471554183046,-0.03858588621673219,0.3284550669807131,-0.15305533582627087,0.1753997311544422,-3.13,-1.669,-4.799,0.086,0.844,0.93,0.017,0.167,0.184,0.017,0.3206,-0.2304,5.0492
Abby Boreen,114,MTL,F,30,464.05,6,3,5,-9,12,5.807130064386344,-1.1636677082210969,-1.4193090439752316,-1.4193090439752316,1.680853356319362,-0.9156981513386347,-0.03662792605354539,0.7508410814851431,-0.5475791818846287,0.20326189960051433,1.047,-4.235,-3.188,3.328,-2.453,0.875,0.659,-0.486,0.173,0.022,0.3206,-0.2304,5.0492
Katy Knoll,191,MIN,F,20,155.88333333333333,1,0,1,-2,6,2.003569894830861,-0.7698064792045334,-1.2187880381903378,-1.2187880381903378,3.4641291564204,1.7144168635425818,0.06857667454170327,0.7711805432899711,-0.3701870192068183,0.4009935240831528,0.405,-0.962,-0.557,1.171,-0.363,0.808,0.232,-0.072,0.16,0.062,0.3206,-0.2304,5.0492
Claire Butorac,102,MIN,F,25,265.66666666666663,2,0,3,1,8,1.544780010534317,0.2258469259723965,-0.19377615047319385,-0.19377615047319383,1.3550815558343792,-0.39463073704343904,-0.01578522948173756,0.3488838166827818,-0.08554464365208733,0.26333917303069443,-1.18,-0.379,-1.559,0.125,0.641,0.766,0.025,0.127,0.152,0.034,0.3206,-0.2304,5.0492
Anna Kjellbin,200,TOR,D,7,79.68333333333334,0,2,0,-1,0,0.816657630954737,-0.7529805480025099,-0.49564934600454347,-0.49564934600454347,6.023844384020079,2.2413921629006657,0.08965568651602662,0.6149273104867294,-0.08877807804560903,0.5261492324411204,-0.001,-0.118,-0.119,0.391,0.188,0.579,0.077,0.037,0.114,0.086,0.3206,-0.2304,5.0492
Megan Keller,12,BOS,LD,28,665.1999999999999,4,7,1,-7,16,3.112793956255761,-0.6313890559230307,-0.476766092866585,-0.476766092866585,3.8785327720986174,0.5684592055483096,0.022738368221932388,0.2807691481890344,-0.1488974252100382,0.13187172297899621,-3.71,-1.651,-5.361,-0.442,0.904,0.462,-0.088,0.179,0.091,0.008,0.3206,-0.2304,5.0492
Maggie Connors,66,TOR,F,29,224.55,2,0,0,-8,6,3.266495132900539,-2.1376085504342015,-1.8982056747706333,-1.8982056747706333,2.4048096192384767,0.38313280441837894,0.015325312176735158,0.872810990754987,-0.6680287307406928,0.20478226001429423,0.963,-2.5,-1.537,2.067,-1.638,0.429,0.409,-0.324,0.085,0.023,0.3206,-0.2304,5.0492
Laura Kluge,212,TOR,F,12,50.449999999999996,0,0,2,0,2,0.3723606605421252,0.0,0.26929438223682756,0.26929438223682756,2.3785926660059467,0.3569158511858489,0.014276634047433956,0.44284716813731445,0.11122261165269187,0.5540697797900063,-0.145,0.094,-0.051,0.103,0.287,0.39,0.02,0.057,0.077,0.092,0.3206,-0.2304,5.0492
Allyson Simpson,230,NY,D,28,595.4333333333333,1,2,2,-8,12,2.407956323953481,-0.8061355875272911,-0.40073869743938006,-0.40073869743938006,3.9299109891955437,0.7315896247112957,0.02926358498845183,0.24264241074378692,-0.11500234608972498,0.12764006465406194,-3.699,-1.141,-4.84,-0.774,1.145,0.371,-0.153,0.227,0.074,0.007,0.3206,-0.2304,5.0492
Jillian Dempsey,27,BOS,LW,7,52.43333333333333,0,0,1,0,0,0.2748136872417744,0.0,0.15227989974823758,0.1522798997482376,4.577240940877305,3.027942780626313,0.12111771122505252,0.3144721150891252,0.17593847513441807,0.4904105902235433,-0.263,0.154,-0.109,-0.005,0.355,0.35,-0.001,0.07,0.069,0.079,0.3206,-0.2304,5.0492
Kelly Babstock,175,BOS,RW,9,71.46666666666667,0,0,0,-1,9,0.699599043633414,-0.8395522388059702,-0.7062430732638479,-0.7062430732638479,1.6791044776119404,0.1298063173609484,0.005192252694437936,0.5873499433489482,-0.24905525368054734,0.3382946896684008,-0.033,-0.297,-0.33,0.318,-0.022,0.296,0.063,-0.004,0.059,0.05,0.3206,-0.2304,5.0492
Rylind MacKinnon,232,TOR,D,21,246.63333333333333,0,1,1,-1,27,0.6584087976228109,-0.24327611839437766,0.04566990066449986,0.04566990066449987,3.4058656575212867,-0.3765865635981268,-0.015063462543925073,0.16017513660238678,0.001377701695294881,0.16155283829768166,-1.871,0.006,-1.865,-0.659,0.953,0.294,-0.131,0.189,0.058,0.014,0.3206,-0.2304,5.0492
Daniela Pejsova,185,BOS,LD,26,327.4,0,1,1,-1,8,1.2912040091742463,-0.1832620647525962,-0.02557041533924899,-0.025570415339248972,1.0995723885155773,-2.2105011780347303,-0.08842004712138922,0.2366287127381026,-0.09762539664351885,0.13900331609458375,-2.067,-0.533,-2.6,-0.458,0.725,0.267,-0.091,0.144,0.053,0.01,0.3206,-0.2304,5.0492
Amanda Boulier,51,MTL,D,25,419.8833333333333,1,5,0,0,4,1.2466541530465989,0.0,-0.2158267989906097,-0.21582679899060966,4.429801929107292,0.07247501514997945,0.002899000605999178,0.1781429345837239,-0.0747986470306203,0.10334428755310361,-3.06,-0.523,-3.583,-0.997,1.089,0.092,-0.197,0.216,0.019,0.003,0.3206,-0.2304,5.0492
Brooke Bryant,91,MIN,F,20,155.76666666666665,1,1,2,-1,6,1.104215661800559,-0.38519152578643273,-0.8101295297863745,-0.8101295297863745,0.7703830515728655,-0.9793292413049528,-0.039173169652198116,0.4253345155662329,-0.33081980037529296,0.09451471519093996,-0.494,-0.859,-1.353,0.272,-0.261,0.011,0.054,-0.052,0.002,0.001,0.3206,-0.2304,5.0492
Dara Greig,199,MTL,F,29,230.5333333333333,0,2,1,-2,16,1.4884481364857314,-0.520532099479468,-0.7509061346118675,-0.7509061346118675,1.5615962984384038,-1.0349552092195928,-0.04139820836878371,0.3873925167256097,-0.311724416829056,0.07566809989655371,-0.876,-1.198,-2.074,0.257,-0.312,-0.055,0.051,-0.062,-0.011,-0.003,0.3206,-0.2304,5.0492
Kaitlin Willoughby,128,TOR,F,20,90.73333333333333,0,0,0,-4,0,1.3212964530851583,-2.645113886847906,-2.4057759374134653,-2.4057759374134653,2.645113886847906,0.6234370720278083,0.024937482881112333,0.8737448991746087,-0.8411418545877352,0.032603044586873575,0.391,-1.272,-0.881,0.836,-0.924,-0.088,0.166,-0.183,-0.017,-0.011,0.3206,-0.2304,5.0492
Klara Hymlarova,190,MIN,F,24,295.28333333333336,0,0,1,0,2,1.0753818183202535,0.0,-0.4105594898687855,-0.4105594898687855,1.6255573742732967,-0.12415491860452149,-0.00496619674418086,0.21851185561623934,-0.15276761309694364,0.0657442425192957,-1.953,-0.752,-2.705,-0.502,0.382,-0.12,-0.099,0.076,-0.023,-0.005,0.3206,-0.2304,5.0492
Natalie Buchbinder,90,MIN,D,17,301.06666666666666,0,1,1,-1,2,1.2560783032451617,-0.19929140832595219,-0.6120626218758102,-0.6120626218758102,4.185119574844996,0.674631875667862,0.02698527502671448,0.2503256140214007,-0.19335726884857718,0.05696834517282351,-1.832,-0.97,-2.802,-0.353,0.186,-0.167,-0.07,0.037,-0.033,-0.007,0.3206,-0.2304,5.0492
Lauren Bernard,207,TOR,D,12,114.53333333333333,0,1,0,-2,2,0.2793404024477845,-1.0477299185098952,-0.7578218341912801,-0.7578218341912801,5.238649592549476,1.4561973714300622,0.05824789485720249,0.1463366485465693,-0.21456796545165835,-0.06823131690508905,-0.895,-0.41,-1.305,-0.333,0.03,-0.303,-0.066,0.006,-0.06,-0.031,0.3206,-0.2304,5.0492
Lee Stecklein,24,MIN,D,28,647.2833333333333,3,1,5,-2,6,2.8250736137688914,-0.1853902206658599,-0.5989640467278686,-0.5989640467278686,3.8004995236501276,0.2900118244729936,0.011600472978919744,0.2618705103269565,-0.20402658384311295,0.057843926483843566,-3.814,-2.201,-6.015,-0.634,0.285,-0.349,-0.126,0.056,-0.07,-0.006,0.3206,-0.2304,5.0492
Dominika Lásková,82,MTL,D,5,50.75,0,0,0,-1,2,0.06329599834502547,-1.1822660098522169,-1.3909105805426472,-1.3909105805426472,4.729064039408867,0.371737125451555,0.014869485018062201,0.07483270740298578,-0.4858583239772908,-0.41102561657430503,-0.457,-0.411,-0.868,-0.208,-0.216,-0.424,-0.041,-0.043,-0.084,-0.099,0.3206,-0.2304,5.0492
Noora Tulus,231,NY,F,28,318.45,1,1,0,-12,6,3.738106435683676,-2.260951483749411,-1.887649929756186,-1.887649929756186,0.9420631182289213,-0.49548283995601083,-0.019819313598240434,0.7043064410143525,-0.6993732883104673,0.004933152703885169,0.472,-3.712,-3.24,2.037,-2.489,-0.452,0.403,-0.493,-0.09,-0.017,0.3206,-0.2304,5.0492
Taylor House,217,OTT,F,11,93.98333333333333,1,1,0,-3,2,0.7005419459089471,-1.9152331973754213,-1.8380959208663852,-1.8380959208663852,1.2768221315836141,-0.5491089812484121,-0.021964359249936484,0.44723373031959734,-0.6836788907618351,-0.23644516044223773,-0.263,-1.071,-1.334,0.198,-0.71,-0.512,0.039,-0.141,-0.102,-0.065,0.3206,-0.2304,5.0492
Emmy Fecteau,204,NY,F,28,222.89999999999998,1,0,0,-8,6,2.0686561116654993,-2.1534320323014806,-1.769878382729694,-1.769878382729694,1.3458950201884254,-0.09165093799650681,-0.0036660375198602725,0.5568387918345894,-0.6408222553025501,-0.0839834634679607,-0.218,-2.381,-2.599,0.878,-1.525,-0.647,0.174,-0.302,-0.128,-0.034,0.3206,-0.2304,5.0492
Maggie Flaherty,79,MIN,D,20,302.51666666666665,1,0,0,-4,12,1.7847444340499217,-0.7933447192992122,-1.2133220452080322,-1.2133220452080322,3.9667235964960614,0.4562358973189275,0.0182494358927571,0.3539793930130416,-0.4185465003821345,-0.06456710736909288,-1.318,-2.11,-3.428,0.168,-0.949,-0.781,0.033,-0.188,-0.155,-0.031,0.3206,-0.2304,5.0492
Brooke Hobson,38,NY,D,28,324.8,1,3,0,-7,8,1.047948369576859,-1.2931034482758619,-0.8842961446614109,-0.8842961446614109,3.5098522167487682,0.31153085226452026,0.01246123409058081,0.19358652147355768,-0.30588537798752713,-0.11229885651396945,-2.284,-1.656,-3.94,-0.688,-0.409,-1.097,-0.136,-0.081,-0.217,-0.04,0.3206,-0.2304,5.0492
Sydney Bard,180,BOS,RD,25,427.59999999999997,1,0,2,-6,12,1.0415177875875752,-0.841908325537886,-0.6779260727451443,-0.6779260727451443,3.648269410664172,0.3381958441138643,0.013527833764554572,0.14614374942762984,-0.23052555242369735,-0.08438180299606751,-3.344,-1.643,-4.987,-1.243,-0.001,-1.244,-0.246,-0.0,-0.246,-0.035,0.3206,-0.2304,5.0492
Noemi Neubauerová,214,TOR,F,19,87.48333333333333,0,0,0,-5,4,0.3621987726633409,-3.429224614212231,-3.146412921581997,-3.146412921581997,4.115069537054676,2.0933927222345785,0.08373570888938314,0.24841218929091774,-1.0489729428801358,-0.8005607535892181,-0.535,-1.529,-2.064,-0.105,-1.194,-1.299,-0.021,-0.236,-0.257,-0.176,0.3206,-0.2304,5.0492
Kristin O'Neill,30,MTL,F,30,472.93333333333334,1,2,2,-12,24,4.347625013377303,-1.5224133070200168,-1.7642013661162075,-1.7642013661162075,2.791091062870031,0.19453955521203448,0.007781582208481379,0.5515735145248905,-0.6273309095933534,-0.07575739506846291,-0.503,-4.945,-5.448,1.821,-3.129,-1.308,0.361,-0.62,-0.259,-0.033,0.3206,-0.2304,5.0492
Jincy Roese,60,OTT,D,26,563.2833333333333,3,4,7,-8,14,2.425469355820672,-0.8521466402343404,-0.76187846441847,-0.76187846441847,1.8108116104979735,-1.7758949086333682,-0.07103579634533473,0.25835694531924197,-0.34531204353598394,-0.08695509821674197,-3.352,-3.242,-6.594,-0.584,-1.079,-1.663,-0.116,-0.214,-0.33,-0.035,0.3206,-0.2304,5.0492
Anna Kjellbin,200,MTL,D,18,197.01666666666668,0,0,1,-5,4,0.816657630954737,-1.522713814398105,-1.743446308317965,-1.743446308317965,2.4363421030369676,-1.920984810920345,-0.0768393924368138,0.2487071712576815,-0.7044800634312812,-0.45577289217359973,-1.204,-2.313,-3.517,-0.236,-1.557,-1.793,-0.047,-0.308,-0.355,-0.108,0.3206,-0.2304,5.0492
