season,PlayerID,name,team,pos,GP,TOI,xG_season,actual_goals,changed_team
2023-24,1,Hannah Brandt,BOS,F,23,403.75,3.1327302969434494,5,False
2023-24,2,Emily Brown,BOS,D,23,443.0833333333333,1.230496890405961,1,False
2023-24,3,Emma Buckles,OTT,D,11,48.38333333333334,0.311387502087909,0,False
2023-24,4,Shiann Darkangelo,BOS,F,24,266.81666666666666,2.2097180625200337,0,True
2023-24,5,Jessica Digirolamo,BOS,D,23,429.01666666666665,1.8352555071811925,0,False
2023-24,7,Kaleigh Fratkin,BOS,D,23,410.3333333333333,0.6413870667381052,2,False
2023-24,8,Loren Gabel,BOS,F,17,226.6,3.9174515395148504,4,False
2023-24,9,Taylor Girard,BOS,F,22,265.1666666666667,2.079812831118939,4,False
2023-24,10,Jess Healey,BOS,D,20,205.43333333333334,0.773608626209184,1,False
2023-24,11,Sophie Jaques,MIN,D,21,493.25,4.991409803141836,2,True
2023-24,12,Megan Keller,BOS,D,23,579.9666666666667,4.099608449941444,4,False
2023-24,13,Hilary Knight,BOS,F,23,498.54999999999995,7.417459217528675,5,False
2023-24,14,Nicole Kosta,BOS,F,9,67.2,0.4264267119915017,1,False
2023-24,15,Alina Muller,BOS,F,23,455.5,5.193452300088899,5,False
2023-24,16,Jamie Lee Rattray,BOS,F,23,369.4,5.980544333828791,2,False
2023-24,17,Theresa Schafzahl,BOS,F,20,269.1166666666667,2.025548884676601,3,False
2023-24,18,Sophie Shirley,BOS,F,19,245.31666666666666,2.3451488979557658,3,False
2023-24,20,Kendall Coyne Schofield,MIN,F,24,458.96666666666664,7.515743834405582,6,False
2023-24,21,Taylor Heise,MIN,F,19,369.6166666666667,4.9457044082815385,4,False
2023-24,23,Kelly Pannek,MIN,F,24,480.0,4.24072431751297,4,False
2023-24,24,Lee Stecklein,MIN,D,24,655.1166666666667,2.371813280825331,2,False
2023-24,25,Grace Zumwinkle,MIN,F,24,452.71666666666664,8.151771106217078,11,False
2023-24,26,Claire Dalton,MTL,F,18,236.41666666666666,2.0241161250925983,5,False
2023-24,27,Jillian Dempsey,MTL,F,22,183.05,1.1130467511381839,1,False
2023-24,29,Kennedy Marchment,MTL,F,9,97.71666666666667,0.9932749499961028,1,False
2023-24,30,Kristin O'Neill,MTL,F,21,390.5,4.400606214011858,4,False
2023-24,31,Marie-Philip Poulin,MTL,F,20,437.3833333333333,5.8645450761222335,10,False
2023-24,32,Laura Stacey,MTL,F,21,455.0333333333333,8.066736678968375,9,False
2023-24,33,Chloe Aurard,NY,F,20,246.36666666666667,1.8166677527110855,1,False
2023-24,34,Alex Carpenter,NY,F,23,495.7833333333333,7.952316058403969,8,False
2023-24,35,Jade Downie-Landry,NY,F,23,319.21666666666664,4.4134263473769595,8,False
2023-24,36,Jessie Eldridge,NY,F,23,425.5833333333333,7.277440654160057,7,False
2023-24,37,Elizabeth Giguere,NY,F,23,290.48333333333335,3.2885754447629933,3,False
2023-24,38,Brooke Hobson,NY,D,23,455.8666666666667,1.490102060893124,1,False
2023-24,39,Alexandra Labelle,NY,F,23,243.65,1.7714172691601338,1,False
2023-24,40,Paetyn Levis,NY,F,22,292.7166666666667,3.0837762398006965,0,False
2023-24,42,Abby Roque,NY,F,23,473.01666666666665,3.6177115575775614,6,False
2023-24,44,Ella Shelton,NY,D,23,605.8333333333334,4.349940986220661,6,False
2023-24,45,Kayla Vespa,NY,F,22,222.83333333333334,1.4278891419221527,2,False
2023-24,46,Olivia Zafuto,NY,D,11,87.35,0.4136635477474674,0,False
2023-24,47,Micah Zandee-Hart,NY,D,17,371.2833333333333,1.7717371454597504,0,False
2023-24,49,Lexie Adzija,OTT,F,21,317.76666666666665,2.695612027282002,7,True
2023-24,50,Ashton Bell,OTT,D,22,494.2333333333333,2.5954967427971973,2,False
2023-24,51,Amanda Boulier,OTT,D,20,349.6166666666667,1.6504571909888435,1,True
2023-24,52,Zoe Boyd,OTT,D,16,238.45,0.6846391206033261,0,False
2023-24,53,Emily Clark,OTT,F,22,409.51666666666665,6.176774043868666,3,False
2023-24,54,Kristin Della Rovere,OTT,F,8,70.8,0.3772182149727521,1,False
2023-24,55,Becca Gilmore,OTT,F,20,235.31666666666666,1.9682880462706802,0,False
2023-24,56,Savannah Harmon,OTT,D,22,562.4833333333333,3.4298194645356306,3,False
2023-24,57,Gabbie Hughes,OTT,F,22,411.54999999999995,5.775115880733276,9,False
2023-24,58,Brianne Jenner,OTT,F,22,404.31666666666666,6.4260199914073555,9,False
2023-24,60,Jincy Roese,OTT,D,22,451.8833333333333,2.007096781162171,0,False
2023-24,61,Hayley Scamurra,OTT,F,22,425.91666666666663,7.539668872716493,4,False
2023-24,62,Aneta Tejralova,OTT,D,21,474.01666666666665,1.3196261320115152,2,False
2023-24,63,Daryl Watts,OTT,F,22,377.26666666666665,6.258858124340165,10,False
2023-24,65,Jesse Compher,TOR,F,23,338.98333333333335,2.666534186460866,1,False
2023-24,66,Maggie Connors,TOR,F,23,356.73333333333335,2.8197009661266437,2,False
2023-24,67,Renata Fast,TOR,D,23,635.2333333333333,3.1771545596963016,3,False
2023-24,68,Kali Flanagan,TOR,D,23,488.5,1.9361781606553032,3,False
2023-24,69,Brittany Howard,TOR,F,22,243.16666666666666,2.6547029143476495,2,False
2023-24,71,Jocelyne Larocque,TOR,D,22,610.6166666666667,3.110930241874553,0,False
2023-24,72,Rebecca Leslie,TOR,F,23,243.1,3.0476717109675557,2,False
2023-24,73,Emma Maltais,TOR,F,23,432.3,4.5825087427853015,5,False
2023-24,74,Allie Munroe,TOR,D,23,431.81666666666666,1.1734140807146332,1,False
2023-24,75,Sarah Nurse,TOR,F,23,429.8333333333333,5.882387687414192,11,False
2023-24,76,Blayre Turnbull,TOR,F,23,441.56666666666666,6.230327732214614,3,False
2023-24,78,Susanna Tapani,BOS,F,25,481.01666666666665,5.231449448268285,4,True
2023-24,79,Maggie Flaherty,MIN,D,24,459.18333333333334,2.4524082180916866,1,False
2023-24,80,Ann-Sophie Bettez,MTL,F,14,208.66666666666666,1.5615980317274043,2,False
2023-24,81,Sarah Bujold,MTL,F,19,263.78333333333336,2.524252362461489,3,False
2023-24,82,Dominika Laskova,MTL,D,7,126.7,0.2553133596316899,0,False
2023-24,83,Erin Ambrose,MTL,D,22,560.75,3.3935806903773424,4,False
2023-24,84,Kati Tabin,MTL,D,22,493.79999999999995,3.307365180438319,0,False
2023-24,86,Emma Woods,NY,F,23,358.3666666666667,2.6786843369677817,2,False
2023-24,87,Jaime Bourbonnais,NY,D,23,578.4333333333333,4.792137125876039,5,False
2023-24,88,Katerina Mrazova,OTT,F,21,352.1,2.740806249635878,4,False
2023-24,89,Hannah Miller,TOR,F,22,331.35,3.494499794818332,7,False
2023-24,90,Natalie Buchbinder,MIN,D,24,481.84999999999997,1.8898259883835153,2,False
2023-24,91,Brooke Bryant,MIN,F,22,157.95,0.8910525347574393,1,False
2023-24,92,Sydney Brodt,MIN,F,6,49.11666666666667,0.055144181347513366,0,False
2023-24,97,Liz Schepers,MIN,F,19,234.7,3.2451920047321585,0,False
2023-24,98,Maureen Murphy,MTL,F,22,379.68333333333334,5.6143477806818725,3,False
2023-24,99,Mariah Keopple,MTL,D,22,441.26666666666665,1.1504012814144513,0,False
2023-24,100,Natalie Spooner,TOR,F,23,432.81666666666666,10.922182973569042,19,False
2023-24,101,Alexa Vasko,TOR,F,23,211.43333333333334,1.1708626197999574,2,False
2023-24,102,Claire Butorac,MIN,F,20,197.95,1.0405800546792123,1,False
2023-24,103,Sophia Kunin,MIN,F,24,308.2166666666667,2.5312833762248337,2,False
2023-24,104,Denisa Krizova,MIN,F,24,382.93333333333334,4.734186569937825,3,False
2023-24,105,Brittyn Fleming,MIN,F,23,272.05,1.9253308688544388,1,False
2023-24,107,Sammy Davis,OTT,F,8,33.78333333333333,0.08268568936095569,0,False
2023-24,108,Samantha Isbell,OTT,F,9,58.43333333333334,0.07488801430017682,0,True
2023-24,109,Gigi Marvin,BOS,F,23,287.26666666666665,2.0350561235505986,1,False
2023-24,110,Amanda Pelkey,BOS,F,22,236.55,1.7099626613227177,1,False
2023-24,111,Taylor Wenczkowski,BOS,F,15,77.06666666666666,0.17703601903590216,0,False
2023-24,114,Abby Boreen,MIN,F,9,148.91666666666666,2.1313571647771252,4,False
2023-24,115,Michela Cava,MIN,F,24,360.0833333333333,3.9623675287151663,5,False
2023-24,116,Clair DeGeorge,MIN,F,23,236.5,1.2984430393427475,0,False
2023-24,117,Abby Cook,MIN,D,18,154.7,0.4970357579676416,2,True
2023-24,118,Emma Greco,MIN,D,22,294.2,1.4691671932897667,0,False
2023-24,119,Dominique Kremer,MIN,D,12,63.483333333333334,0.04699688864956825,0,False
2023-24,125,Victoria Bach,TOR,F,16,226.65,2.0284246746330235,2,False
2023-24,126,Samantha Cogan,TOR,F,22,198.93333333333334,1.6242398021764266,2,False
2023-24,127,Jess Jones,TOR,F,4,15.316666666666666,0.0,0,False
2023-24,128,Kaitlin Willoughby,TOR,F,21,135.25,0.8626235081450171,0,False
2023-24,129,Mellissa Channell,MIN,D,24,393.7,0.5426497241030334,0,False
2023-24,131,Olivia Knowles,TOR,D,19,187.81666666666666,0.30790932508547625,0,False
2023-24,133,Lauriane Rougeau,TOR,D,23,280.3833333333333,0.7313738944289337,0,False
2023-24,136,Rosalie Demers,OTT,F,11,63.3,0.4476472677703298,0,False
2023-24,137,Fanni Garat-Gasparics,OTT,F,14,118.51666666666667,1.5756876479687467,1,False
2023-24,138,Mikyla Grant-Mentis,MTL,F,12,151.66666666666666,2.000993024180911,2,True
2023-24,140,Malia Schneider,OTT,F,1,2.3,0.09713718703514004,0,False
2023-24,141,Akane Shiga,OTT,F,21,215.58333333333334,1.2605418079826012,2,False
2023-24,142,Natalie Snodgrass,OTT,F,21,267.0,2.507604601872222,1,False
2023-24,144,Victoria Howran,OTT,D,1,4.95,0.0,0,False
2023-24,146,Alexa Gruschow,NY,F,4,21.133333333333333,0.0,0,False
2023-24,147,Savannah Norcross,NY,F,20,148.2,0.8215036025992688,0,False
2023-24,148,Madison Packer,NY,F,22,162.76666666666665,1.1919549358212795,0,False
2023-24,149,Jill Saulnier,NY,F,17,211.8,1.8262029940554312,1,False
2023-24,150,Taylor Baker,NY,D,21,311.43333333333334,0.7672088816028072,0,False
2023-24,152,Johanna Fallman,NY,D,19,224.73333333333332,0.4675240779947726,0,False
2023-24,156,Gabrielle David,MTL,F,21,284.6166666666667,1.8709257767768417,2,False
2023-24,157,Catherine Dubois,MTL,F,19,192.93333333333334,1.926601131957928,2,False
2023-24,158,Sarah Lefort,MTL,F,22,251.31666666666666,2.0978132672736125,1,False
2023-24,159,Leah Lum,MTL,F,21,197.45,0.7780433312834523,1,False
2023-24,160,Alexandra Poznikoff,MTL,F,7,39.71666666666667,0.5626084987290203,0,False
2023-24,161,Tereza Vanisova,MTL,F,22,341.25,4.059416672840518,2,True
2023-24,162,Madison Bizal,MTL,D,19,203.95000000000002,0.6766954646236647,0,False
2023-24,163,Catherine Daoust,MTL,D,22,359.98333333333335,0.8814839840310635,1,False
2023-24,164,Brigitte Laganiere,MTL,D,15,123.71666666666667,0.2835880796266969,0,False
2023-24,165,Maude Poulin-Labelle,TOR,D,9,63.36666666666667,0.4131644581719804,0,False
2023-24,167,Sidney Morin,BOS,D,23,428.0,4.795796893439114,1,False
2023-24,168,Melodie Daoust,MTL,F,6,109.18333333333334,1.1974456926210086,3,False
2023-24,175,Kelly Babstock,BOS,F,3,16.85,0.0691328677298669,0,False
2024-25,1,Hannah Brandt,BOS,F,28,439.05,2.6713027076543097,3,False
2024-25,2,Emily Brown,BOS,D,27,491.66666666666663,1.401551801433259,1,False
2024-25,4,Shiann Darkangelo,OTT,F,28,428.75,6.610833208609652,8,False
2024-25,5,Jessica Digirolamo,BOS,D,28,484.66666666666663,2.059894445568844,1,False
2024-25,8,Loren Gabel,BOS,F,19,168.71666666666667,2.036151590044022,1,False
2024-25,9,Taylor Girard,NY,F,21,192.95,1.261104645985661,1,True
2024-25,11,Sophie Jaques,MIN,D,24,538.5,7.253588028763869,8,False
2024-25,12,Megan Keller,BOS,D,28,665.1999999999999,3.6857488727459935,4,False
2024-25,13,Hilary Knight,BOS,F,28,625.1833333333333,10.4104420939133,15,False
2024-25,15,Alina Muller,BOS,F,24,423.25,4.729130056192382,7,False
2024-25,16,Jamie Lee Rattray,BOS,F,28,422.23333333333335,3.459132147748454,3,False
2024-25,17,Theresa Schafzahl,BOS,F,28,357.8833333333333,2.584697089538368,3,False
2024-25,18,Sophie Shirley,BOS,F,26,261.9,2.386981660530202,0,False
2024-25,20,Kendall Coyne Schofield,MIN,F,28,506.8833333333333,11.612762212994541,10,False
2024-25,21,Taylor Heise,MIN,F,27,469.96666666666664,7.506607589248753,7,False
2024-25,23,Kelly Pannek,MIN,F,28,501.71666666666664,6.872711222112527,3,False
2024-25,24,Lee Stecklein,MIN,D,28,647.2833333333333,3.267124950338996,3,False
2024-25,25,Grace Zumwinkle,MIN,F,20,325.3666666666667,6.778669038895987,4,False
2024-25,26,Claire Dalton,MTL,F,30,395.65,3.837629241288996,3,False
2024-25,27,Jillian Dempsey,BOS,F,7,52.43333333333333,0.32364015177699945,0,False
2024-25,30,Kristin O'Neill,MTL,F,30,472.93333333333334,4.167911045555779,1,False
2024-25,31,Marie-Philip Poulin,MTL,F,30,589.5,11.305767488453078,19,False
2024-25,32,Laura Stacey,MTL,F,27,528.2166666666667,13.051031651838539,11,False
2024-25,33,Chloe Aurard,NY,F,25,191.81666666666666,1.9260465790610026,2,False
2024-25,34,Alex Carpenter,NY,F,25,518.0,5.541056531844286,12,False
2024-25,35,Jade Downie-Landry,NY,F,28,325.5833333333333,4.06440837717876,5,False
2024-25,36,Jessie Eldridge,NY,F,28,522.55,6.923880335055695,8,False
2024-25,37,Elizabeth Giguere,NY,F,27,282.46666666666664,3.011567387608284,2,False
2024-25,38,Brooke Hobson,NY,D,28,324.8,1.0672801350289698,1,False
2024-25,39,Alexandra Labelle,MTL,F,19,307.4,2.744876322925473,1,False
2024-25,40,Paetyn Levis,NY,F,28,401.98333333333335,3.8574385274625014,5,False
2024-25,42,Abby Roque,NY,F,28,616.5,7.726816936252521,6,False
2024-25,44,Ella Shelton,NY,D,22,539.0833333333334,3.676125984108036,8,False
2024-25,45,Kayla Vespa,NY,F,9,44.46666666666667,0.3602347830325927,0,False
2024-25,47,Micah Zandee-Hart,NY,D,28,678.85,4.164629988154166,1,False
2024-25,49,Lexie Adzija,BOS,F,28,286.3833333333333,3.0260311621314404,2,False
2024-25,50,Ashton Bell,OTT,D,26,472.46666666666664,2.7798028805145547,3,False
2024-25,51,Amanda Boulier,MTL,D,25,419.8833333333333,1.4334858589914798,1,False
2024-25,52,Zoe Boyd,OTT,D,23,291.55,1.5194059216962081,0,False
2024-25,53,Emily Clark,OTT,F,29,565.9499999999999,9.83122215910801,8,False
2024-25,56,Savannah Harmon,TOR,D,28,634.35,2.957284924938338,0,True
2024-25,57,Gabbie Hughes,OTT,F,28,518.5666666666666,5.943470590730437,5,False
2024-25,58,Brianne Jenner,OTT,F,28,495.51666666666665,8.541436944750762,8,False
2024-25,60,Jincy Roese,OTT,D,26,563.2833333333333,2.826057732635997,3,False
2024-25,61,Hayley Scamurra,TOR,F,23,344.0,5.643378783594374,1,True
2024-25,62,Aneta Tejralova,OTT,D,29,562.6,2.305110094060633,1,False
2024-25,63,Daryl Watts,TOR,F,29,524.6333333333333,10.79813660950616,12,False
2024-25,65,Jesse Compher,TOR,F,29,501.3666666666667,7.711500889545001,8,False
2024-25,66,Maggie Connors,TOR,F,29,224.55,2.9894631822742306,2,False
2024-25,67,Renata Fast,TOR,D,29,734.0833333333333,6.249554973194084,5,False
2024-25,68,Kali Flanagan,TOR,D,29,642.5333333333333,4.277783674143654,3,False
2024-25,71,Jocelyne Larocque,OTT,D,30,673.9833333333333,3.259952514288852,0,True
2024-25,72,Rebecca Leslie,OTT,F,26,277.1333333333333,4.188548867220386,1,False
2024-25,73,Emma Maltais,TOR,F,29,561.9666666666667,4.308404923057811,3,False
2024-25,74,Allie Munroe,TOR,D,29,549.4333333333334,1.91126720200827,1,False
2024-25,75,Sarah Nurse,TOR,F,21,407.0833333333333,6.955231727021614,6,False
2024-25,76,Blayre Turnbull,TOR,F,29,548.0666666666666,7.638978912391691,5,False
2024-25,78,Susanna Tapani,BOS,F,28,602.5833333333333,5.1847659156353805,10,False
2024-25,79,Maggie Flaherty,MIN,D,20,302.51666666666665,2.106000490667746,1,False
2024-25,82,Dominika Laskova,MTL,D,5,50.75,0.06927036093072782,0,False
2024-25,83,Erin Ambrose,MTL,D,28,602.3166666666666,3.181916097535828,0,False
2024-25,84,Kati Tabin,MTL,D,28,521.65,3.055541999859102,4,False
2024-25,86,Emma Woods,TOR,F,29,334.6166666666667,2.657151711963364,3,False
2024-25,87,Jaime Bourbonnais,NY,D,28,650.9833333333333,3.6235626195360595,2,False
2024-25,88,Katerina Mrazova,OTT,F,13,215.46666666666667,2.7694910460944393,3,False
2024-25,89,Hannah Miller,TOR,F,28,504.5333333333333,6.296212228105727,10,False
2024-25,90,Natalie Buchbinder,MIN,D,17,301.06666666666666,1.412988189187769,0,False
2024-25,91,Brooke Bryant,MIN,F,20,155.76666666666665,1.0228420073764126,1,False
2024-25,97,Liz Schepers,MIN,F,25,270.1,3.0643584792755734,2,False
2024-25,98,Maureen Murphy,MTL,F,28,370.3333333333333,3.9955795813792236,3,False
2024-25,99,Mariah Keopple,MTL,D,29,496.18333333333334,1.3406104925538744,3,False
2024-25,100,Natalie Spooner,TOR,F,13,228.03333333333333,3.7439527387679488,3,False
2024-25,101,Alexa Vasko,OTT,F,23,206.55,2.147520698153202,2,False
2024-25,102,Claire Butorac,MIN,F,25,265.66666666666663,1.5836002894700056,2,False
2024-25,104,Denisa Krizova,MIN,F,28,417.5333333333333,6.101643617409492,4,False
2024-25,108,Samantha Isbell,OTT,D,3,23.78333333333333,0.20660853821852754,0,False
2024-25,110,Amanda Pelkey,BOS,F,23,212.73333333333332,2.4266377539761406,2,False
2024-25,114,Abby Boreen,MTL,F,30,464.05,5.223808593189671,6,False
2024-25,115,Michela Cava,MIN,F,28,458.6166666666667,6.879022929890883,8,False
2024-25,116,Clair DeGeorge,MTL,F,26,222.21666666666667,1.2691215046454,0,False
2024-25,118,Emma Greco,BOS,D,26,290.8666666666667,0.9832334723685059,0,False
2024-25,125,Victoria Bach,OTT,F,30,363.76666666666665,3.6706244847042226,4,True
2024-25,128,Kaitlin Willoughby,TOR,F,27,167.36666666666667,1.1595315871518361,0,True
2024-25,129,Mellissa Channell-Watkins,MIN,D,27,474.5333333333333,2.603687709143965,1,False
2024-25,131,Olivia Knowles,NY,D,6,21.93333333333333,0.0,0,False
2024-25,132,Jessica Kondas,TOR,D,1,7.4,0.08796680887307938,1,False
2024-25,138,Mikyla Grant-Mentis,MTL,F,30,388.98333333333335,4.063146595444506,3,False
2024-25,142,Natalie Snodgrass,OTT,F,20,173.61666666666667,2.0016084457950343,1,False
2024-25,149,Jill Saulnier,BOS,F,22,265.3,1.6595088908008508,2,True
2024-25,150,Taylor Baker,NY,D,3,31.799999999999994,1.261104645985661,0,False
2024-25,156,Gabrielle David,MTL,F,3,15.95,0.1625816710214783,0,False
2024-25,157,Catherine Dubois,MTL,F,24,228.21666666666667,4.8451104125312074,6,False
2024-25,161,Tereza Vanisova,OTT,F,29,465.95,11.668404486660783,14,False
2024-25,163,Catherine Daoust,MTL,D,1,2.6666666666666665,4.8451104125312074,0,False
2024-25,167,Sidney Morin,BOS,D,28,554.0666666666666,3.386408567346713,3,False
2024-25,169,Claire Thompson,MIN,D,28,615.8333333333334,5.066480453013431,4,False
2024-25,175,Kelly Babstock,BOS,F,9,71.46666666666667,0.670551697901502,0,False
2024-25,180,Sydney Bard,BOS,D,25,427.59999999999997,1.1665317824256123,1,False
2024-25,181,Hannah Bilka,BOS,F,16,327.8833333333333,3.251431811936912,5,False
2024-25,182,Hadley Hartmetz,BOS,D,2,7.7,0.0,0,False
2024-25,183,Shay Maloney,BOS,F,28,364.1666666666667,4.8251453817891194,2,False
2024-25,185,Daniela Pejsova,BOS,D,26,327.4,1.4626636022965724,0,False
2024-25,187,Charlotte Akervik,MIN,D,1,8.23333333333333,0.0,0,False
2024-25,188,Mae Batherson,MIN,D,23,364.4166666666667,1.4425751648099787,0,False
2024-25,189,Britta Curl-Salemme,MIN,F,26,433.93333333333334,7.022144151667331,10,False
2024-25,190,Klara Hymlarova,MIN,F,27,324.4166666666667,2.688295165866966,2,False
2024-25,191,Katy Knoll,MIN,F,20,155.88333333333333,2.1186259497724933,1,False
2024-25,192,Brooke McQuigge,MIN,F,27,359.6666666666667,5.756606775214105,8,False
2024-25,194,Kaitlyn O'Donohoe,MIN,F,6,42.88333333333333,0.46936982631924407,0,False
2024-25,195,Dominique Petrie,MIN,F,17,259.5333333333333,3.2227715625812046,3,False
2024-25,196,Cayla Barnes,MTL,D,30,654.35,3.9545016085192084,2,False
2024-25,198,Jennifer Gardiner,MTL,F,30,525.75,6.199854347299776,5,False
2024-25,199,Dara Greig,MTL,F,29,230.5333333333333,1.5341445676928067,0,False
2024-25,200,Anna Kjellbin,MTL,D,25,276.7,0.9966758420032076,0,True
2024-25,201,Lina Ljungblom,MTL,F,29,380.1166666666667,5.0914886849167305,3,False
2024-25,202,Kelly Ann Nadeau,MTL,D,4,36.71666666666667,0.04854239554109362,0,False
2024-25,203,Anna Wilgren,MTL,D,30,497.68333333333334,1.8068369473544763,3,False
2024-25,204,Emmy Fecteau,NY,F,28,222.89999999999998,2.1757884019554994,1,False
2024-25,205,Sarah Fillier,NY,F,28,568.3166666666666,9.306316163169722,12,False
2024-25,206,Elle Hartje,NY,F,25,414.3,3.197670680344914,0,False
2024-25,207,Lauren Bernard,TOR,D,20,153.11666666666667,0.30348204035106174,0,True
2024-25,208,Megan Carter,TOR,D,18,317.23333333333335,1.1137783819107336,0,False
2024-25,209,Izzy Daniel,TOR,F,29,394.35,3.3105933516384054,2,False
2024-25,210,Julia Gosling,TOR,F,29,391.3333333333333,5.706994863226908,4,False
2024-25,212,Laura Kluge,TOR,F,12,50.449999999999996,0.43062367536192897,0,False
2024-25,213,Anneke Rankila,TOR,F,3,5.15,0.15176141509543087,0,False
2024-25,214,Noemi Neubauerova,TOR,F,19,87.48333333333333,0.3702244305859985,0,False
2024-25,215,Jessica Adolfsson,OTT,D,1,0.75,0.0,0,False
2024-25,217,Taylor House,OTT,F,11,93.98333333333333,0.6705306643072574,1,False
2024-25,219,Stephanie Markowski,OTT,D,26,325.5833333333333,1.3386090469703744,1,False
2024-25,220,Mannon McMahon,OTT,F,29,418.06666666666666,3.886973133205642,3,False
2024-25,221,Anna Meixner,OTT,F,27,312.95,3.3380485718248867,1,False
2024-25,223,Ronja Savolainen,OTT,D,27,455.9,4.628758002783347,2,False
2024-25,224,Danielle Serdachny,OTT,F,29,448.5833333333333,4.79518546908338,1,False
2024-25,227,Gabby Rosenthal,NY,F,27,369.01666666666665,3.1811896420488313,1,False
2024-25,229,Maja Nylen Persson,NY,D,21,409.8333333333333,2.133239135358594,2,False
2024-25,230,Allyson Simpson,NY,D,28,595.4333333333333,2.7866961295400987,1,False
2024-25,231,Noora Tulus,NY,F,28,318.45,3.432856258933409,1,False
2024-25,232,Rylind MacKinnon,TOR,D,21,246.63333333333333,0.8498152392425435,0,False
2025-26,1,Hannah Brandt,BOS,F,16,158.93333333333334,2.6378586481126423,1,False
2025-26,2,Emily Brown,SEA,D,14,266.5833333333333,1.0162675503771903,0,False
2025-26,4,Shiann Darkangelo,MTL,F,25,224.63333333333333,6.015485316188613,4,False
2025-26,5,Jessica DiGirolamo,MTL,D,18,272.5333333333333,1.983253997904624,1,False
2025-26,9,Taylor Girard,NY,F,11,179.45,3.5561756741980504,7,False
2025-26,11,Sophie Jaques,VAN,D,27,365.2833333333333,8.1951086827247,9,False
2025-26,12,Megan Keller,BOS,D,27,375.75,5.787061740454518,7,False
2025-26,13,Hilary Knight,SEA,F,20,285.1,5.953115602240321,4,False
2025-26,15,Alina Muller,BOS,F,27,286.2,7.029403359291208,4,False
2025-26,16,Jamie Lee Rattray,BOS,F,19,213.53333333333333,3.4004542067760157,3,False
2025-26,17,Theresa Schafzahl,BOS,F,23,212.36666666666667,4.700193064682586,4,False
2025-26,18,Sophie Shirley,BOS,F,14,130.7,1.5649880314137636,3,False
2025-26,20,Kendall Coyne Schofield,MIN,F,22,250.66666666666666,7.3188613514484855,11,False
2025-26,21,Taylor Heise,MIN,F,30,255.85,7.533645689409025,13,False
2025-26,23,Kelly Pannek,MIN,F,27,256.8666666666667,5.810907680008424,16,False
2025-26,24,Lee Stecklein,MIN,D,20,314.48333333333335,3.563085359471428,2,False
2025-26,25,Grace Zumwinkle,MIN,F,28,248.18333333333334,8.48816183553968,13,False
2025-26,26,Claire Dalton,TOR,F,23,221.21666666666667,3.1589648190210986,1,False
2025-26,30,Kristin O'Neill,NY,F,27,282.0,6.43001897884254,4,False
2025-26,31,Marie-Philip Poulin,MTL,F,17,300.95,5.004841921016096,9,False
2025-26,32,Laura Stacey,MTL,F,28,297.68333333333334,10.034796004667003,7,False
2025-26,34,Alex Carpenter,SEA,F,29,284.93333333333334,9.004697058667825,11,False
2025-26,35,Jade Downie-Landry,MTL,F,17,87.56666666666666,2.8346238185962007,2,False
2025-26,36,Jessie Eldridge,SEA,F,28,234.6833333333333,6.941530818284628,14,False
2025-26,38,Brooke Hobson,OTT,D,11,256.0,1.3782791997845059,1,False
2025-26,39,Alexandra Labelle,MTL,F,14,135.26666666666668,2.0149953046684796,0,False
2025-26,40,Paetyn Levis,NY,F,29,271.56666666666666,4.870797875248647,5,False
2025-26,42,Abby Roque,MTL,F,25,285.0333333333333,5.980904561413256,8,False
2025-26,44,Ella Shelton,TOR,D,28,402.81666666666666,4.315130216826618,3,False
2025-26,45,Kayla Vespa,NY,F,13,113.33333333333333,2.016529484841416,0,False
2025-26,46,Olivia Zafuto,BOS,D,1,2.533333333333333,0.08316278571330533,0,False
2025-26,47,Micah Zandee-Hart,NY,D,22,290.41666666666663,2.52351217356887,1,False
2025-26,49,Lexie Adzija,SEA,F,25,205.18333333333334,4.3555705005247525,4,False
2025-26,50,Ashton Bell,VAN,D,18,329.0833333333333,1.8478269427148168,2,False
2025-26,51,Amanda Boulier,MTL,D,17,240.8,1.1591693560536447,0,False
2025-26,52,Zoe Boyd,BOS,D,10,207.5,1.0729657826641756,0,False
2025-26,53,Emily Clark,OTT,F,30,275.8333333333333,7.340096417413785,3,False
2025-26,56,Savannah Harmon,TOR,D,25,368.3833333333333,3.5332859908305454,2,False
2025-26,57,Gabbie Hughes,OTT,F,18,216.7,3.5877137363899028,5,False
2025-26,58,Brianne Jenner,OTT,F,30,305.48333333333335,7.072453080467946,12,False
2025-26,60,Jincy Roese,NY,D,20,269.06666666666666,1.7301611869291305,0,False
2025-26,61,Hayley Scamurra,MTL,F,23,217.68333333333334,6.26142377839108,7,False
2025-26,62,Aneta Tejralova,SEA,D,17,99.6,2.115010889299085,2,False
2025-26,63,Daryl Watts,TOR,F,26,268.46666666666664,7.010995600646007,10,False
2025-26,65,Jesse Compher,TOR,F,27,267.31666666666666,6.48659424607348,6,False
2025-26,66,Maggie Connors,TOR,F,24,210.58333333333334,5.109310143011837,3,False
2025-26,67,Renata Fast,TOR,D,24,288.21666666666664,4.45116993515242,1,False
2025-26,68,Kali Flanagan,TOR,D,23,362.23333333333335,3.3788942072100943,2,False
2025-26,71,Jocelyne Larocque,OTT,D,19,370.2333333333333,2.1708614950383125,1,False
2025-26,72,Rebecca Leslie,OTT,F,29,294.59999999999997,9.417639206223933,14,False
2025-26,73,Emma Maltais,TOR,F,27,304.6166666666667,5.17579117538385,3,False
2025-26,74,Allie Munroe,TOR,D,8,162.25,0.5318047686444777,0,False
2025-26,75,Sarah Nurse,VAN,F,18,104.3,6.599488879520109,9,False
2025-26,76,Blayre Turnbull,TOR,F,29,288.7,7.32833709859971,9,False
2025-26,78,Susanna Tapani,BOS,F,25,271.0,6.047520603277507,8,False
2025-26,79,Maggie Flaherty,MTL,D,19,278.6,2.280485055080716,4,False
2025-26,83,Erin Ambrose,MTL,D,13,289.2833333333333,1.960012781920244,0,False
2025-26,84,Kati Tabin,MTL,D,23,319.1333333333333,3.100478510194528,2,False
2025-26,86,Emma Woods,TOR,F,20,135.86666666666667,2.126090582101169,1,False
2025-26,87,Jaime Bourbonnais,NY,D,24,287.81666666666666,3.510079739098742,1,False
2025-26,88,Katerina Mrazova,OTT,F,22,277.75,3.1733439436301643,2,False
2025-26,89,Hannah Miller,VAN,F,27,299.09999999999997,7.407951695670345,7,False
2025-26,90,Natalie Buchbinder,MIN,D,11,255.33333333333331,1.0426014804517598,1,False
2025-26,91,Brooke Bryant,SEA,F,8,101.75,0.9185932972754084,0,False
2025-26,97,Liz Schepers,BOS,F,21,169.46666666666667,4.363762762485159,5,False
2025-26,98,Maureen Murphy,MTL,F,19,238.48333333333332,4.429293932559139,4,False
2025-26,99,Mariah Keopple,SEA,D,11,216.2,0.6537942371938301,0,False
2025-26,100,Natalie Spooner,TOR,F,24,277.5333333333333,7.584663865059428,3,False
2025-26,101,Alexa Vasko,OTT,F,18,168.18333333333334,1.9113122940813498,2,False
2025-26,102,Claire Butorac,MIN,F,9,143.9,1.0617717762986933,0,False
2025-26,104,Denisa Krizova,MIN,F,21,204.35,3.9984470413672524,2,False
2025-26,108,Samantha Isbell,OTT,D,2,92.63333333333334,0.14887847440255583,0,False
2025-26,114,Abby Boreen,VAN,F,25,277.21666666666664,5.7375520109001075,4,False
2025-26,115,Michela Cava,VAN,F,25,229.38333333333333,3.5340553249430817,1,True
2025-26,116,Clair DeGeorge,TOR,F,7,25.483333333333334,0.945141646819101,0,False
2025-26,118,Emma Greco,VAN,D,11,106.15,0.8973990873708168,0,True
2025-26,128,Kaitlin Willoughby,MTL,F,13,146.11666666666667,2.154595212481255,3,False
2025-26,129,Mellissa Channell-Watkins,VAN,D,14,305.31666666666666,1.419380574436084,0,False
2025-26,131,Olivia Knowles,NY,D,7,0.0,2.0965621088744624,3,False
2025-26,131,Olivia Knowles,NY,F,7,6.766666666666666,2.0965621088744624,3,False
2025-26,132,Jessica Kondas,TOR,D,3,60.06666666666666,0.2658437331926574,0,False
2025-26,138,Mikyla Grant-Mentis,SEA,F,19,206.63333333333333,4.04734555991437,3,False
2025-26,140,Malia Schneider,VAN,F,1,15.350000000000001,0.04934209413513182,0,False
2025-26,142,Natalie Snodgrass,SEA,F,22,188.43333333333334,3.375050335598003,2,False
2025-26,147,Savannah Norcross,NY,F,11,58.43333333333334,1.3439610300953257,1,False
2025-26,149,Jill Saulnier,BOS,F,16,172.03333333333333,3.3904699565946523,2,False
2025-26,157,Catherine Dubois,MTL,F,18,97.1,3.064530155456718,4,False
2025-26,161,Tereza Vanisova,VAN,F,25,271.55,5.152540626815529,4,False
2025-26,162,Madison Bizal,MIN,D,4,43.266666666666666,0.3797545035127596,0,False
2025-26,167,Sidney Morin,MIN,D,23,319.5,3.738226829331273,0,False
2025-26,169,Claire Thompson,VAN,D,23,325.84999999999997,3.4835812076464236,4,False
2025-26,180,Sydney Bard,VAN,D,13,231.06666666666666,1.1767641910833198,0,False
2025-26,181,Hannah Bilka,SEA,F,13,251.2,3.6201483672045134,4,False
2025-26,182,Hadley Hartmetz,BOS,D,14,129.21666666666667,1.297757069303589,0,False
2025-26,183,Shay Maloney,BOS,F,20,219.51666666666665,4.860322129033925,3,False
2025-26,185,Daniela Pejsova,BOS,D,18,151.75,2.0854074483961496,2,False
2025-26,188,Mae Batherson,MIN,D,22,296.05,2.8298283323757256,3,False
2025-26,189,Britta Curl-Salemme,MIN,F,30,266.8333333333333,5.827707751385366,11,False
2025-26,190,Klara Hymlarova,MIN,F,20,180.54999999999998,2.3187289852637774,3,False
2025-26,191,Katy Knoll,MIN,F,21,207.01666666666668,4.1223610156910135,7,False
2025-26,192,Brooke McQuigge,VAN,F,12,165.15,1.6938074832168577,0,True
2025-26,194,Kaitlyn O'Donohoe,MIN,F,3,19.383333333333333,0.299752618858577,1,False
2025-26,195,Dominique Petrie,MIN,F,9,145.95,3.6125815421894987,2,False
2025-26,196,Cayla Barnes,SEA,D,24,333.41666666666663,5.017154323887815,3,False
2025-26,198,Jenn Gardiner,VAN,F,27,284.3666666666667,5.27720357187177,9,False
2025-26,199,Dara Greig,MTL,F,17,177.18333333333334,2.4230772194902044,3,False
2025-26,200,Anna Kjellbin,TOR,D,14,183.95000000000002,1.1328059242499289,1,False
2025-26,201,Lina Ljungblom,MTL,F,16,57.61666666666667,2.9918163818784933,5,False
2025-26,202,Kelly Ann Nadeau,MTL,D,1,21.666666666666668,0.04288683742409532,0,False
2025-26,203,Anna Wilgren,SEA,D,26,298.09999999999997,3.222414729055842,3,False
2025-26,204,Emmy Fecteau,NY,F,12,108.33333333333334,1.1802398785378394,0,False
2025-26,205,Sarah Fillier,NY,F,28,301.21666666666664,10.12651501078092,9,False
2025-26,206,Elle Hartje,NY,F,16,200.91666666666666,2.494979813489448,0,False
2025-26,207,Lauren Bernard,NY,D,17,219.75,1.8896928899359848,0,False
2025-26,208,Megan Carter,SEA,D,18,246.26666666666665,1.6290937855014895,1,False
2025-26,209,Izzy Daniel,VAN,F,20,200.1,3.602413158637878,7,False
2025-26,210,Julia Gosling,SEA,F,29,254.21666666666664,8.356215576094877,6,False
2025-26,212,Laura Kluge,BOS,F,8,125.85,1.3015814448816534,1,False
2025-26,217,Taylor House,OTT,F,7,94.56666666666666,0.5662318091743143,0,False
2025-26,219,Stephanie Markowski,OTT,D,15,270.81666666666666,1.8187312413966232,1,False
2025-26,220,Mannon McMahon,OTT,F,23,206.06666666666666,3.4675486621970237,4,True
2025-26,221,Anna Meixner,OTT,F,21,187.01666666666665,2.810133703753138,3,True
2025-26,223,Ronja Savolainen,OTT,D,26,356.04999999999995,4.124182649994753,4,False
2025-26,224,Danielle Serdachny,SEA,F,29,240.73333333333332,6.6953765520991135,8,False
2025-26,227,Gabby Rosenthal,VAN,F,16,255.35,2.459250074408473,1,False
2025-26,229,Maja Nylen Persson,NY,D,24,333.6166666666667,3.853885444902593,2,False
2025-26,230,Allyson Simpson,NY,D,22,291.31666666666666,3.125203307581299,3,False
2025-26,232,Rylind MacKinnon,BOS,D,9,113.41666666666667,0.5819806652077131,0,False
2025-26,236,Kendall Cooper,MIN,D,24,335.73333333333335,3.56045038851572,2,False
2025-26,237,Jenna Buglioni,SEA,F,3,72.36666666666666,0.5186027022527884,0,False
2025-26,239,Anna Shokhina,OTT,F,15,154.3,1.5642423847772535,2,True
2025-26,240,Fanuza Kadirova,OTT,F,22,194.36666666666667,4.6078436469952075,10,False
2025-26,241,Sarah Wozniewicz,OTT,F,26,255.53333333333333,5.84086756387703,7,False
2025-26,242,Rory Guilday,OTT,D,21,336.34999999999997,2.494622652780815,1,False
2025-26,243,Ella Huber,BOS,F,24,199.65,5.103111022873008,4,False
2025-26,244,Emma Gentry,TOR,F,20,183.35,2.630968742339798,1,False
2025-26,245,Kristyna Kaltounkova,NY,F,21,318.45,8.791643154339488,11,False
2025-26,246,Haley Winn,BOS,D,24,391.8833333333333,7.277616597850562,5,False
2025-26,247,Abby Hustler,MIN,F,23,246.46666666666667,5.506778781130597,4,False
2025-26,248,Anna Segedi,VAN,F,13,152.55,1.5159310993069501,1,False
2025-26,249,Anne Cherkowski,NY,F,28,258.93333333333334,6.880162259357373,2,False
2025-26,251,Dayle Ross,NY,D,6,44.516666666666666,0.7149144386046806,0,False
2025-26,252,Michelle Karvinen,VAN,F,21,265.53333333333336,3.8644013031992808,3,False
2025-26,253,Nicole Gosling,MTL,D,25,311.15,3.9558290611906424,3,False
2025-26,254,Mia Biotti,BOS,D,2,23.833333333333332,0.10731653370519208,0,False
2025-26,255,Riley Brengman,BOS,D,19,248.98333333333332,1.5751599928461117,2,False
2025-26,256,Olivia Mobley,BOS,F,7,126.2,2.0965621088744624,3,False
2025-26,259,Abby Newhook,BOS,F,23,163.83333333333334,4.273211670760045,7,False
2025-26,263,Peyton Anderson,MIN,F,17,111.36666666666666,2.5349636584373454,1,False
2025-26,264,Brooke Becker,MIN,D,15,182.58333333333334,1.3075931071110736,0,False
2025-26,269,Vanessa Upson,MIN,F,11,68.89999999999999,1.332735634174477,0,False
2025-26,271,Tamara Giaquinto,MTL,D,5,6.533333333333333,0.4312078820326347,0,False
2025-26,272,Skylar Irving,MTL,F,22,100.55,3.085139552891679,3,False
2025-26,273,Maya Labad,MTL,F,2,25.1,0.22523944797760415,1,False
2025-26,274,Natalie Mlynkova,MTL,F,25,208.01666666666665,4.24107504874668,5,False
2025-26,277,Anna Bargman,NY,F,14,79.18333333333334,2.1531235159568882,4,False
2025-26,280,Casey O'Brien,NY,F,23,317.7833333333333,6.571232011931009,7,False
2025-26,283,Nicole Vallario,NY,D,6,20.71666666666667,0.49039795620389026,1,False
2025-26,285,Maddi Wheeler,NY,F,20,234.41666666666666,4.161355442020931,3,False
2025-26,286,Peyton Hemp,OTT,F,20,205.11666666666667,4.222529900305188,2,False
2025-26,289,Kathryn Reilly,OTT,D,9,134.35,0.6326956164413284,0,False
2025-26,291,Lily Delianedis,SEA,F,7,42.81666666666666,0.5234409123393817,0,False
2025-26,294,Lyndie Lobdell,SEA,D,9,127.11666666666667,0.9144716396620038,0,False
2025-26,295,Marah Wagner,SEA,F,9,96.0,0.9470683513358829,0,False
2025-26,296,Olivia Wallin,OTT,F,0,4.816666666666666,0.0,0,False
2025-26,301,Katie Chan,VAN,F,4,119.16666666666666,0.4576801729212382,1,False
2025-26,305,Nina Jobst-Smith,VAN,D,16,71.45,1.461922584467979,0,False
2025-26,306,Darcie Lappan,VAN,F,3,100.46666666666667,0.34545560691476374,0,False
2025-26,310,Madison Samoskevich,VAN,D,5,134.23333333333332,0.47131595131341175,1,False
2025-26,311,Hanna Baskin,TOR,D,3,39.416666666666664,0.12719387274778443,0,False
2025-26,313,Sara Hjalmarsson,TOR,F,21,172.13333333333333,2.594715269294721,3,False
2025-26,315,Lauren Messier,TOR,F,3,10.216666666666667,0.2185004065367478,1,False
2025-26,316,Clara Van Wieren,TOR,F,15,174.1,1.6556094343705825,0,False
2025-26,317,Kiara Zanon,TOR,F,16,206.46666666666667,2.3439978115063,1,False
