Name,PlayerID,Team,position,GP,toi_min,G,A1,A2,plusMinus,PIM,total_ixG,pm60,pm60_resid,d_adj_pm60,o_xG60,d_value60,value60,oGAA,dGAA,GAA,oGAR,dGAR,GAR,oWAR,dWAR,WAR,o_replacement_val60,d_replacement_val60,goals_per_win
Laura Stacey,32,MTL,F,27,528.2166666666667,11,10,1,12,6,9.46645663984656,1.363077020162181,1.224472000417956,1.043593041287072,1.0752924590113784,0.1043593041287072,1.1796517631400856,5.653,0.919,6.572,7.937,1.669,9.606,1.572,0.331,1.903,0.1737,-0.0852,5.0492
Kendall Coyne Schofield,20,MIN,F,28,506.8833333333333,10,5,6,12,4,8.776800597602518,1.4204452043534017,1.3017058165911837,1.1208268574602998,1.0389136932025471,0.11208268574602998,1.150996378948577,5.117,0.947,6.064,7.309,1.667,8.976,1.448,0.33,1.778,0.1737,-0.0852,5.0492
Marie-Philip Poulin,31,MTL,F,30,589.5,19,3,4,17,21,7.1896862544354505,1.7302798982188297,1.7792622684809611,1.5983833093500772,0.7317746823852875,0.15983833093500774,0.8916130133202953,2.934,1.57,4.504,5.483,2.408,7.891,1.086,0.477,1.563,0.1737,-0.0852,5.0492
Hilary Knight,13,BOS,RW,28,625.1833333333333,15,7,4,-1,12,8.890108811231519,-0.09597184825784438,-0.11329722848114843,-0.29417618761203235,0.8532001738272366,-0.029417618761203235,0.8237825550660334,4.377,-0.307,4.07,7.08,0.582,7.662,1.402,0.115,1.517,0.1737,-0.0852,5.0492
Sarah Fillier,205,NY,F,28,568.3166666666666,12,10,7,9,35,7.707037618832018,0.9501744919205843,0.9544356236590985,0.7735566645282146,0.813670061520727,0.07735566645282146,0.8910257279735484,3.604,0.733,4.337,6.061,1.54,7.601,1.2,0.305,1.505,0.1737,-0.0852,5.0492
Daryl Watts,63,TOR,F,29,524.6333333333333,12,8,7,-2,12,8.247537304218916,-0.22873117733019888,-0.295222270901604,-0.47610123003248794,0.9432344588343637,-0.047610123003248794,0.8956243358311149,4.46,-0.416,4.044,6.728,0.329,7.057,1.332,0.065,1.397,0.1737,-0.0852,5.0492
Emily Clark,53,OTT,F,29,565.9499999999999,8,6,3,1,10,7.911896746762036,0.1060164325470448,0.09655954350845193,-0.08431941562243196,0.8387910677722806,-0.008431941562243197,0.8303591262100374,3.826,-0.08,3.746,6.273,0.724,6.997,1.242,0.143,1.385,0.1737,-0.0852,5.0492
Tereza Vanišová,161,OTT,F,29,465.95,14,5,3,-2,36,7.8386880432458685,-0.2575383624852452,-0.36015084671030595,-0.5410298058411899,1.009381441345106,-0.05410298058411899,0.9552784607609871,4.475,-0.42,4.055,6.49,0.242,6.732,1.285,0.048,1.333,0.1737,-0.0852,5.0492
Jesse Compher,65,TOR,F,29,501.3666666666667,8,4,4,1,10,6.564177347551112,0.11967289408948872,0.13928752455390675,-0.04159143457697714,0.7855541004981054,-0.0041591434576977145,0.7813949570404076,2.945,-0.035,2.91,5.112,0.678,5.79,1.012,0.134,1.146,0.1737,-0.0852,5.0492
Hannah Miller,89,TOR,F,28,504.5333333333333,10,7,5,14,8,5.05962752128154,1.6649048625792813,1.784918173389352,1.604039214258468,0.6016998902158279,0.1604039214258468,0.7621038116416747,1.417,1.349,2.766,3.599,2.066,5.665,0.713,0.409,1.122,0.1737,-0.0852,5.0492
Brianne Jenner,58,OTT,F,28,495.51666666666665,8,5,3,-1,8,6.453760435363526,-0.1210857354276681,-0.09923449534772244,-0.28011345447860636,0.78145832858998,-0.028011345447860637,0.7534469831421193,2.877,-0.231,2.646,5.019,0.473,5.492,0.994,0.094,1.088,0.1737,-0.0852,5.0492
Britta Curl-Salemme,189,MIN,F,26,433.93333333333334,10,2,2,3,22,5.839944447547824,0.4148102627131664,0.42244639005484086,0.24156743092395697,0.8074896301725367,0.024156743092395697,0.8316463732649324,2.707,0.175,2.882,4.584,0.791,5.375,0.908,0.157,1.065,0.1737,-0.0852,5.0492
Blayre Turnbull,76,TOR,F,29,548.0666666666666,5,5,1,0,16,6.164350088324841,0.0,0.08006944689588863,-0.10080951223499526,0.6748467436433959,-0.010080951223499527,0.6647657924198964,2.208,-0.092,2.116,4.577,0.687,5.264,0.906,0.136,1.042,0.1737,-0.0852,5.0492
Jessie Eldridge,36,NY,F,28,522.55,8,9,7,-1,16,6.0319422092750745,-0.11482154817720794,-0.044445088931556825,-0.22532404806244072,0.692596942984412,-0.022532404806244074,0.6700645381781679,2.26,-0.196,2.064,4.519,0.546,5.065,0.895,0.108,1.003,0.1737,-0.0852,5.0492
Sarah Nurse,75,TOR,F,21,407.0833333333333,6,5,3,-10,8,5.6688633950356175,-1.473899692937564,-1.4815777524789386,-1.6624567116098226,0.8355336017247994,-0.16624567116098227,0.6692879305638171,2.73,-1.128,1.602,4.49,-0.55,3.94,0.889,-0.109,0.998,0.1737,-0.0852,5.0492
Jennifer Gardiner,198,MTL,F,30,525.75,5,8,5,10,2,4.768957909376365,1.1412268188302426,1.2926142711560134,1.1117353120251294,0.5442462664052913,0.11117353120251294,0.6554197976078042,0.973,0.974,1.947,3.247,1.721,4.968,0.643,0.341,0.984,0.1737,-0.0852,5.0492
Abby Roque,42,NY,F,28,616.5,6,5,5,-8,6,6.739846118762872,-0.7785888077858881,-0.6881981381641403,-0.8690770972950242,0.6559460942834913,-0.08690770972950243,0.5690383845539888,2.289,-0.893,1.396,4.955,-0.017,4.938,0.981,-0.003,0.984,0.1737,-0.0852,5.0492
Kelly Pannek,23,MIN,F,28,501.71666666666664,3,6,1,3,12,5.466410882052915,0.35876822908015815,0.45037187033641285,0.269492911205529,0.6537248505262099,0.0269492911205529,0.6806741416467628,1.844,0.225,2.069,4.014,0.938,4.952,0.795,0.186,0.981,0.1737,-0.0852,5.0492
Michela Cava,115,MIN,F,28,458.6166666666667,8,8,2,11,10,4.476241681692798,1.4391103681360613,1.5679052522882295,1.3870262931573456,0.5856187104006276,0.13870262931573457,0.7243213397163621,1.165,1.06,2.225,3.148,1.712,4.86,0.623,0.339,0.962,0.1737,-0.0852,5.0492
Sophie Jaques,11,MIN,D,24,538.5,8,10,6,12,10,4.266486669327958,1.3370473537604457,1.5260441080448983,1.3451651489140144,0.475374559256597,0.13451651489140146,0.6098910741479985,0.379,1.207,1.586,2.707,1.972,4.679,0.536,0.391,0.927,0.1737,-0.0852,5.0492
Denisa Křížová,104,MIN,F,28,417.5333333333333,4,3,2,7,10,4.451592137148993,1.005907711959125,1.1051707239565165,0.9242917648256326,0.639698694464968,0.09242917648256327,0.7321278709475312,1.437,0.643,2.08,3.243,1.236,4.479,0.642,0.245,0.887,0.1737,-0.0852,5.0492
Alex Carpenter,34,NY,F,25,518.0,12,8,1,4,0,4.743464568188238,0.46332046332046334,0.611873890466909,0.43099493133602507,0.549436050369294,0.04309949313360251,0.5925355435028965,1.004,0.372,1.376,3.244,1.108,4.352,0.642,0.219,0.861,0.1737,-0.0852,5.0492
Taylor Heise,21,MIN,F,27,469.96666666666664,7,9,6,3,6,4.789500501833756,0.38300588694233634,0.4976845253984712,0.31680556626758727,0.6114689625718676,0.03168055662675873,0.6431495191986263,1.397,0.248,1.645,3.429,0.916,4.345,0.679,0.181,0.86,0.1737,-0.0852,5.0492
Abby Boreen,114,MTL,F,30,464.05,6,3,5,-9,12,5.119576113663536,-1.1636677082210969,-1.076551718068341,-1.257430677199225,0.6619428225833685,-0.1257430677199225,0.536199754863446,1.769,-0.973,0.796,3.776,-0.313,3.463,0.748,-0.062,0.81,0.1737,-0.0852,5.0492
Shiann Darkangelo,4,OTT,F,28,428.75,8,8,2,6,10,3.770153145535859,0.8396501457725948,1.000126875409677,0.8192479162787931,0.5276016063723652,0.08192479162787931,0.6095263980002446,0.675,0.585,1.26,2.529,1.195,3.724,0.501,0.237,0.738,0.1737,-0.0852,5.0492
Brooke McQuigge,192,MIN,F,27,359.6666666666667,8,0,7,3,10,3.9883176718850226,0.5004633920296571,0.5857266274793718,0.40484766834848784,0.6653356635211344,0.040484766834848786,0.7058204303559832,1.392,0.243,1.635,2.947,0.754,3.701,0.584,0.149,0.733,0.1737,-0.0852,5.0492
Shay Maloney,183,BOS,C,28,364.1666666666667,2,1,3,0,8,4.297875850265455,0.0,0.061901387238737726,-0.11897757189214617,0.7081168448949948,-0.011897757189214618,0.6962190877057802,1.669,-0.072,1.597,3.243,0.445,3.688,0.642,0.088,0.73,0.1737,-0.0852,5.0492
Julia Gosling,210,TOR,F,29,391.3333333333333,4,3,3,2,6,4.065875714058623,0.30664395229982966,0.4148138162631104,0.23393485713222653,0.6233880992594141,0.023393485713222653,0.6467815849726367,1.241,0.153,1.394,2.933,0.709,3.642,0.581,0.14,0.721,0.1737,-0.0852,5.0492
Susanna Tapani,78,BOS,C,28,602.5833333333333,10,4,3,-4,8,4.744248026244588,-0.39828516111187945,-0.20765909567179575,-0.38853805480267967,0.4723908973718855,-0.03885380548026797,0.43353709189161754,0.394,-0.39,0.004,2.999,0.466,3.465,0.594,0.092,0.686,0.1737,-0.0852,5.0492
Ronja Savolainen,223,OTT,D,27,455.9,2,7,1,10,18,3.089977366118436,1.3160780872998463,1.5425955161884812,1.3617165570575973,0.4066651501800969,0.13617165570575973,0.5428368058858566,-0.201,1.035,0.834,1.77,1.682,3.452,0.351,0.333,0.684,0.1737,-0.0852,5.0492
Lina Ljungblom,201,MTL,F,29,380.1166666666667,3,2,1,-3,8,4.140880077450792,-0.4735388257990968,-0.38187929132128895,-0.5627582504521729,0.6536224965503069,-0.05627582504521729,0.5973466715050896,1.397,-0.357,1.04,3.04,0.183,3.223,0.602,0.036,0.638,0.1737,-0.0852,5.0492
Noora Tulus,231,NY,F,28,318.45,1,1,0,-12,6,3.2953143688000366,-2.260951483749411,-2.151411361649681,-2.3322903207805648,0.6208788259632664,-0.23322903207805648,0.3876497938852099,0.996,-1.238,-0.242,2.373,-0.785,1.588,0.47,-0.155,0.625,0.1737,-0.0852,5.0492
Renata Fast,67,TOR,D,29,734.0833333333333,5,6,11,-1,36,4.206779518053282,-0.08173458962424793,0.17909058041604767,-0.0017883787148362251,0.34383939754777654,-0.0001788378714836225,0.34366055967629294,-1.093,-0.002,-1.095,2.081,1.041,3.122,0.412,0.206,0.618,0.1737,-0.0852,5.0492
Mikyla Grant-Mentis,138,MTL,F,30,388.98333333333335,3,3,1,4,18,3.284868353150651,0.616993015981833,0.7888917238432462,0.6080127647123623,0.5066852080784242,0.06080127647123623,0.5674864845496604,0.477,0.394,0.871,2.159,0.947,3.106,0.428,0.188,0.616,0.1737,-0.0852,5.0492
Catherine Dubois,157,MTL,F,24,228.21666666666667,6,2,1,-1,27,3.5924618701923023,-0.2629080552106916,-0.33008322295296233,-0.5109621820838463,0.9444871637108222,-0.05109621820838463,0.8933909455024376,1.945,-0.194,1.751,2.932,0.13,3.062,0.581,0.026,0.607,0.1737,-0.0852,5.0492
Jade Downie-Landry,35,NY,F,28,325.5833333333333,5,2,0,0,31,3.53302273042421,0.0,0.09304698383682625,-0.08783197529405765,0.6510817419773308,-0.008783197529405765,0.642298544447925,1.183,-0.048,1.135,2.59,0.415,3.005,0.513,0.082,0.595,0.1737,-0.0852,5.0492
Alina Müller,15,BOS,LW,24,423.25,7,7,2,0,6,3.523099349938909,0.0,0.17585775919066216,-0.005021199940221738,0.4994352297609794,-0.0005021199940221738,0.49893310976695726,0.468,-0.004,0.464,2.298,0.598,2.896,0.455,0.118,0.573,0.1737,-0.0852,5.0492
Gabbie Hughes,57,OTT,F,28,518.5666666666666,5,7,3,-3,16,3.8823442329879696,-0.3471106254419233,-0.1438210628276957,-0.3247000219585796,0.449200978297766,-0.03247000219585796,0.41673097610190807,0.139,-0.281,-0.142,2.381,0.456,2.837,0.472,0.09,0.562,0.1737,-0.0852,5.0492
Dominique Petrie,195,MIN,F,17,259.5333333333333,3,4,2,2,4,3.0669764429337727,0.46236835345491917,0.5237675790695596,0.3428886199386757,0.7090364240021566,0.03428886199386757,0.7433252859960242,1.193,0.148,1.341,2.316,0.517,2.833,0.459,0.102,0.561,0.1737,-0.0852,5.0492
Kristin O'Neill,30,MTL,F,30,472.93333333333334,1,2,2,-12,24,3.6309686973707405,-1.5224133070200168,-1.3253773951581609,-1.5062563542890448,0.460652921854196,-0.1506256354289045,0.3100272864252915,0.217,-1.187,-0.97,2.262,-0.515,1.747,0.448,-0.102,0.55,0.1737,-0.0852,5.0492
Natalie Spooner,100,TOR,F,13,228.03333333333333,3,1,1,-1,0,3.222335517504586,-0.26311942698435903,-0.2775281523138506,-0.45840711144473445,0.8478590749171546,-0.045840711144473446,0.8020183637726812,1.576,-0.174,1.402,2.562,0.15,2.712,0.507,0.03,0.537,0.1737,-0.0852,5.0492
Erin Ambrose,83,MTL,D,28,602.3166666666666,0,5,7,10,4,2.4608480310657352,0.9961537397271646,1.3108773776786404,1.1299984185477565,0.24513829690463623,0.11299984185477566,0.3581381387594119,-1.887,1.134,-0.753,0.717,1.99,2.707,0.142,0.394,0.536,0.1737,-0.0852,5.0492
Claire Dalton,26,MTL,F,30,395.65,3,5,1,2,4,3.0110598363507104,0.3032983697712625,0.502533965542437,0.3216550064115531,0.45662476982444744,0.03216550064115531,0.48879027046560275,0.155,0.212,0.367,1.865,0.774,2.639,0.369,0.153,0.522,0.1737,-0.0852,5.0492
Grace Zumwinkle,25,MIN,F,20,325.3666666666667,4,2,2,-6,0,3.299122665814924,-1.1064440118840282,-0.990079881249049,-1.170958840379933,0.6083824196769658,-0.1170958840379933,0.4912865356389725,0.95,-0.635,0.315,2.357,-0.173,2.184,0.467,-0.034,0.501,0.1737,-0.0852,5.0492
Micah Zandee-Hart,47,NY,D,28,678.85,1,3,4,-3,16,3.690047784391367,-0.2651543050747588,0.005333916393035598,-0.1755450427378483,0.32614401865431536,-0.01755450427378483,0.3085895143805305,-1.211,-0.199,-1.41,1.724,0.766,2.49,0.341,0.152,0.493,0.1737,-0.0852,5.0492
Claire Thompson,169,MIN,D,28,615.8333333333334,4,9,3,2,8,2.99148763038806,0.19485791610284167,0.48428765867574586,0.30340869954486194,0.2914575228524226,0.030340869954486194,0.3217983928069088,-1.454,0.311,-1.143,1.208,1.186,2.394,0.239,0.235,0.474,0.1737,-0.0852,5.0492
Hannah Brandt,1,BOS,C,28,439.05,3,3,3,5,14,2.3574455310319555,0.683293474547318,0.9559543146947923,0.7750753555639084,0.32216542959097444,0.07750753555639084,0.3996729651473653,-0.812,0.567,-0.245,1.086,1.191,2.277,0.215,0.236,0.451,0.1737,-0.0852,5.0492
Alexandra Labelle,39,MTL,F,19,307.4,1,1,2,4,2,2.2724103682267263,0.7807417046193885,0.987121844191124,0.8062428850602401,0.44354138612102667,0.08062428850602402,0.5241656746270507,0.053,0.413,0.466,1.382,0.85,2.232,0.274,0.168,0.442,0.1737,-0.0852,5.0492
Paetyn Levis,40,NY,F,28,401.98333333333335,5,2,2,-1,10,2.903103478668075,-0.1492599195654878,0.0627035335675391,-0.11817542556334479,0.4333169917162847,-0.011817542556334479,0.4214994491599502,0.001,-0.079,-0.078,1.739,0.492,2.231,0.344,0.097,0.441,0.1737,-0.0852,5.0492
Victoria Bach,125,OTT,F,24,287.95,3,3,0,4,4,2.21031779662999,0.8334780343809689,1.0305631416879615,0.8496841825570776,0.4605628331231095,0.08496841825570776,0.5455312513788173,0.132,0.408,0.54,1.377,0.817,2.194,0.273,0.162,0.435,0.1737,-0.0852,5.0492
Gabby Rosenthal,227,NY,F,27,369.01666666666665,1,2,1,-1,8,2.788060228800545,-0.16259428210107946,0.03844452685748076,-0.14243443227340313,0.45332265135639593,-0.014243443227340315,0.4390792081290556,0.124,-0.088,0.036,1.72,0.437,2.157,0.341,0.087,0.428,0.1737,-0.0852,5.0492
Hayley Scamurra,61,TOR,F,18,261.98333333333335,1,0,1,-4,6,2.788248465916832,-0.9160888097207202,-0.8162098822370039,-0.9970888413678878,0.6385708045868437,-0.09970888413678879,0.5388619204500549,0.897,-0.435,0.462,2.03,-0.063,1.967,0.402,-0.012,0.414,0.1737,-0.0852,5.0492
Jamie Lee Rattray,16,BOS,LW,28,422.23333333333335,3,4,1,0,8,2.650975015521007,0.0,0.2428765844363762,0.0619976253054923,0.3767075888480155,0.006199762530549231,0.3829073513785647,-0.397,0.044,-0.353,1.428,0.643,2.071,0.283,0.127,0.41,0.1737,-0.0852,5.0492
Maggie Connors,66,TOR,F,29,224.55,2,0,0,-8,6,2.115535744358015,-2.1376085504342015,-1.9977035529540872,-2.178582512084971,0.5652734119861096,-0.2178582512084971,0.3474151607776125,0.494,-0.815,-0.321,1.465,-0.496,0.969,0.29,-0.098,0.388,0.1737,-0.0852,5.0492
Sidney Morin,167,BOS,RD,28,554.0666666666666,3,2,2,0,10,2.6618307619985098,0.0,0.2911811720136563,0.1103022128827724,0.28825023292006485,0.01103022128827724,0.2992804542083421,-1.338,0.102,-1.236,1.058,0.889,1.947,0.21,0.176,0.386,0.1737,-0.0852,5.0492
Cayla Barnes,196,MTL,D,30,654.35,2,8,3,-1,12,2.8596096660104333,-0.0916940475280813,0.2137075596849371,0.032828600554053206,0.26220918462692133,0.003282860055405321,0.2654920446823267,-1.864,0.036,-1.828,0.965,0.965,1.93,0.191,0.191,0.382,0.1737,-0.0852,5.0492
Ella Shelton,44,NY,D,22,539.0833333333334,8,4,3,-1,10,2.724015894065948,-0.11130004637501931,0.1717266227962808,-0.009152336334603106,0.3031830953358297,-0.0009152336334603107,0.3022678617023694,-1.168,-0.008,-1.176,1.163,0.758,1.921,0.23,0.15,0.38,0.1737,-0.0852,5.0492
Danielle Serdachny,224,OTT,F,29,448.5833333333333,1,1,5,-7,16,3.156911486380043,-0.9362808842652796,-0.7182744525375151,-0.899153411668399,0.4222508397164464,-0.08991534116683991,0.3323354985496065,-0.082,-0.672,-0.754,1.858,-0.035,1.823,0.368,-0.007,0.375,0.1737,-0.0852,5.0492
Hannah Bilka,181,BOS,LW,16,327.8833333333333,5,2,4,-4,6,2.7782517094592705,-0.7319676714278454,-0.5610040672698507,-0.7418830264007347,0.5083976086033333,-0.07418830264007346,0.4342093059632598,0.411,-0.405,0.006,1.829,0.06,1.889,0.362,0.012,0.374,0.1737,-0.0852,5.0492
Maureen Murphy,98,MTL,F,28,370.3333333333333,3,1,2,-5,10,2.896479131866535,-0.8100810081008102,-0.6177542654487312,-0.7986332245796152,0.4692765470170804,-0.07986332245796152,0.38941322455911886,0.223,-0.493,-0.27,1.824,0.033,1.857,0.361,0.007,0.368,0.1737,-0.0852,5.0492
Izzy Daniel,209,TOR,F,29,394.35,2,5,0,-5,8,2.921479595253819,-0.7607455306200075,-0.5548891466311288,-0.7357681057620127,0.4445005089773783,-0.07357681057620127,0.370923698401177,0.075,-0.484,-0.409,1.78,0.077,1.857,0.353,0.015,0.368,0.1737,-0.0852,5.0492
Mannon McMahon,220,OTT,F,29,418.06666666666666,3,3,0,2,6,2.177810806877076,0.287035560516664,0.564944675015608,0.38406571588472405,0.3125545728256049,0.03840657158847241,0.35096114441407733,-0.84,0.268,-0.572,0.967,0.862,1.829,0.192,0.171,0.363,0.1737,-0.0852,5.0492
Alexa Vasko,101,OTT,F,23,206.55,2,2,0,6,8,1.4706682943913298,1.7429193899782134,1.958218072945375,1.7773391138144912,0.42720938108680606,0.17773391138144912,0.6049432924682552,-0.02,0.612,0.592,0.873,0.905,1.778,0.173,0.179,0.352,0.1737,-0.0852,5.0492
Mae Batherson,188,MIN,D,23,364.4166666666667,0,1,2,12,6,0.966950168529825,1.9757603475874683,2.3374101588636704,2.1565311997327865,0.1592051500895207,0.21565311997327866,0.37485827006279937,-1.664,1.31,-0.354,-0.088,1.827,1.739,-0.017,0.362,0.345,0.1737,-0.0852,5.0492
Elle Hartje,206,NY,F,25,414.3,0,3,3,-7,4,2.827892917419713,-1.0137581462708183,-0.7888121284958836,-0.9696910876267675,0.4095427831165406,-0.09696910876267675,0.31257367435386385,-0.163,-0.67,-0.833,1.628,-0.081,1.547,0.322,-0.016,0.338,0.1737,-0.0852,5.0492
Amanda Pelkey,110,BOS,LW,23,212.73333333333332,2,1,1,-4,8,2.1992958785627295,-1.1281729865246004,-1.0183148964597735,-1.1991938555906574,0.6202965498923398,-0.11991938555906574,0.5003771643332741,0.664,-0.425,0.239,1.583,-0.123,1.46,0.314,-0.024,0.338,0.1737,-0.0852,5.0492
Emma Woods,86,TOR,F,29,334.6166666666667,3,0,1,2,14,1.9061614044842488,0.358619315634806,0.6205618962320127,0.4396829371011288,0.34179314918281095,0.043968293710112884,0.38576144289292386,-0.51,0.245,-0.265,0.937,0.721,1.658,0.186,0.143,0.329,0.1737,-0.0852,5.0492
Emma Maltais,73,TOR,F,29,561.9666666666667,3,3,2,-4,14,2.795510986426138,-0.42707159380746185,-0.14147166342444584,-0.32235062255532976,0.29847083311982014,-0.03223506225553298,0.2662357708642872,-1.261,-0.302,-1.563,1.168,0.496,1.664,0.231,0.098,0.329,0.1737,-0.0852,5.0492
Elizabeth Giguère,37,NY,F,27,282.46666666666664,2,0,2,-1,4,2.1715773197133794,-0.2124144441822044,-0.01571790185627986,-0.19659686098716375,0.46127438936559867,-0.019659686098716378,0.4416147032668823,0.132,-0.093,0.039,1.354,0.309,1.663,0.268,0.061,0.329,0.1737,-0.0852,5.0492
Kati Tabin,84,MTL,D,28,521.65,4,2,2,3,23,1.9583905157085586,0.34505894757020994,0.6706412892713751,0.4897623301404912,0.22525339009395864,0.048976233014049124,0.27422962310800775,-1.808,0.426,-1.382,0.448,1.167,1.615,0.089,0.231,0.32,0.1737,-0.0852,5.0492
Lexie Adzija,49,BOS,C,28,286.3833333333333,2,3,1,-5,6,2.34379260414611,-1.0475469941220974,-0.8671083802508288,-1.0479873393817127,0.49104657946377217,-0.10479873393817128,0.3862478455256009,0.276,-0.5,-0.224,1.515,-0.093,1.422,0.3,-0.018,0.318,0.1737,-0.0852,5.0492
Jaime Bourbonnais,87,NY,D,28,650.9833333333333,2,3,2,-4,14,2.7826264048236067,-0.3686730331037661,-0.06013729198376205,-0.24101625111464595,0.25646982916523675,-0.024101625111464596,0.23236820405377215,-1.917,-0.261,-2.178,0.898,0.663,1.561,0.178,0.131,0.309,0.1737,-0.0852,5.0492
Sophie Shirley,18,BOS,RW,26,261.9,0,0,4,1,29,1.8196766561735835,0.22909507445589922,0.4500349703175004,0.2691560111866165,0.4168789590317488,0.026915601118661647,0.44379456015041047,-0.071,0.117,0.046,1.061,0.49,1.551,0.21,0.097,0.307,0.1737,-0.0852,5.0492
Mellissa Channell-Watkins,129,MIN,D,27,474.5333333333333,1,6,0,6,2,1.5147422270234538,0.7586400674346727,1.1026412629577105,0.9217623038268266,0.19152402420920323,0.09217623038268266,0.28370025459188586,-1.911,0.729,-1.182,0.141,1.403,1.544,0.028,0.278,0.306,0.1737,-0.0852,5.0492
Jessica Digirolamo,5,BOS,RD,28,484.66666666666663,1,1,3,6,12,1.4408334635323254,0.7427785419532326,1.0939628401670842,0.9130838810362003,0.17837002987332778,0.09130838810362003,0.2696784179769478,-2.058,0.738,-1.32,0.037,1.426,1.463,0.007,0.282,0.289,0.1737,-0.0852,5.0492
Emmy Fecteau,204,NY,F,28,222.89999999999998,1,0,0,-8,6,1.6310985335923265,-2.1534320323014806,-1.94460333100697,-2.1254822901378536,0.4390574787597111,-0.21254822901378537,0.2265092497459257,0.022,-0.79,-0.768,0.986,-0.473,0.513,0.195,-0.094,0.289,0.1737,-0.0852,5.0492
Theresa Schafzahl,17,BOS,RW,28,357.8833333333333,3,1,0,0,6,1.9254784590849345,0.0,0.2723082615174831,0.09142930238659921,0.32281108614100334,0.009142930238659922,0.33195401637966326,-0.658,0.055,-0.603,0.889,0.563,1.452,0.176,0.112,0.288,0.1737,-0.0852,5.0492
Liz Schepers,97,MIN,F,25,270.1,2,5,0,-1,0,1.9336129479365929,-0.22213994816734542,-0.008109966893886628,-0.18898892602477052,0.4295326800303427,-0.018898892602477055,0.4106337874278656,-0.016,-0.085,-0.101,1.152,0.299,1.451,0.228,0.059,0.287,0.1737,-0.0852,5.0492
Anna Wilgren,203,MTL,D,30,497.68333333333334,3,1,5,7,8,1.2269659864594629,0.8439101168748534,1.2117217939095557,1.0308428347786718,0.14792128700492502,0.10308428347786719,0.2510055704827922,-2.366,0.855,-1.511,-0.214,1.562,1.348,-0.042,0.309,0.267,0.1737,-0.0852,5.0492
Clair DeGeorge,116,MTL,F,26,222.21666666666667,0,1,1,4,6,1.1959589537694402,1.0800270006750168,1.352277430217383,1.171398471086499,0.3229169904425099,0.11713984710864991,0.44005683755115976,-0.408,0.434,0.026,0.553,0.75,1.303,0.11,0.149,0.259,0.1737,-0.0852,5.0492
Claire Butorac,102,MIN,F,25,265.66666666666663,2,0,3,1,8,1.4977053721494378,0.2258469259723965,0.48972316482831135,0.30884420569742743,0.33825215431229466,0.030884420569742745,0.3691365748820374,-0.42,0.137,-0.283,0.728,0.514,1.242,0.144,0.102,0.246,0.1737,-0.0852,5.0492
Natalie Snodgrass,142,OTT,F,20,173.61666666666667,1,1,0,-2,2,1.6636714994400825,-0.6911778823077661,-0.5565551269406543,-0.7374340860715383,0.5749464719193911,-0.07374340860715382,0.5012030633122373,0.41,-0.213,0.197,1.161,0.033,1.194,0.23,0.007,0.237,0.1737,-0.0852,5.0492
Rebecca Leslie,72,OTT,F,26,277.1333333333333,1,0,2,-6,2,1.7786195632611719,-1.2990137118114025,-1.060706493118337,-1.241585452249221,0.38507520012871177,-0.12415854522492209,0.2609166549037897,-0.222,-0.573,-0.795,0.976,-0.18,0.796,0.193,-0.036,0.229,0.1737,-0.0852,5.0492
Kateřina Mrázová,88,OTT,F,13,215.46666666666667,3,3,1,-4,4,1.6653739140541246,-1.1138613861386137,-0.9185161319888049,-1.0993950911196888,0.46374892408685403,-0.10993950911196888,0.35380941497488516,0.11,-0.395,-0.285,1.041,-0.089,0.952,0.206,-0.018,0.224,0.1737,-0.0852,5.0492
Chloe Aurard,33,NY,F,25,191.81666666666666,2,0,2,-2,2,1.545451445128539,-0.6255973585889304,-0.4409914028722288,-0.6218703620031127,0.48341517094992964,-0.062187036200311276,0.42122813474961834,0.161,-0.199,-0.038,0.99,0.074,1.064,0.196,0.015,0.211,0.1737,-0.0852,5.0492
Loren Gabel,8,BOS,RW,19,168.71666666666667,1,0,1,-2,4,1.5041281235231136,-0.7112516052553591,-0.554764063059491,-0.7356430221903749,0.5349067711827727,-0.0735643022190375,0.46134246896373526,0.286,-0.207,0.079,1.016,0.033,1.049,0.201,0.007,0.208,0.1737,-0.0852,5.0492
Kali Flanagan,68,TOR,D,29,642.5333333333333,3,3,1,-4,6,2.2233651435196973,-0.3735214774849554,-0.03830920241036112,-0.219188161541245,0.2076186583490068,-0.021918816154124502,0.1856998421948823,-2.415,-0.235,-2.65,0.363,0.678,1.041,0.072,0.134,0.206,0.1737,-0.0852,5.0492
Maja Nylen Persson,229,NY,D,21,409.8333333333333,2,2,2,0,2,1.5016688263301063,0.0,0.3285353158776798,0.14765635674679592,0.219845781813273,0.014765635674679593,0.23461141748795258,-1.457,0.101,-1.356,0.315,0.683,0.998,0.062,0.135,0.197,0.1737,-0.0852,5.0492
Hayley Scamurra,61,OTT,F,5,82.01666666666667,0,0,0,1,0,1.0377315014031723,0.7315586262954684,0.7655857041065388,0.5847067449756549,0.7591614316300387,0.05847067449756549,0.8176321061276042,0.446,0.08,0.526,0.8,0.196,0.996,0.158,0.039,0.197,0.1737,-0.0852,5.0492
Dara Greig,199,MTL,F,29,230.5333333333333,0,2,1,-2,16,1.4706480365183268,-0.520532099479468,-0.280960467897747,-0.4618394270286309,0.38275975502212095,-0.04618394270286309,0.33657581231925787,-0.194,-0.177,-0.371,0.803,0.15,0.953,0.159,0.03,0.189,0.1737,-0.0852,5.0492
Aneta Tejralová,62,OTT,D,29,562.6,1,2,6,3,18,1.2693775004595766,0.3199431212228937,0.6946053903363734,0.5137264312054894,0.13537619983571736,0.05137264312054895,0.18674884295626631,-2.792,0.482,-2.31,-0.36,1.281,0.921,-0.071,0.254,0.183,0.1737,-0.0852,5.0492
Emily Brown,2,BOS,LD,27,491.66666666666663,1,2,0,4,12,1.0217208358604717,0.488135593220339,0.8686363191416377,0.6877573600107538,0.12468457657958298,0.06877573600107538,0.19346031258065838,-2.528,0.564,-1.964,-0.402,1.262,0.86,-0.08,0.25,0.17,0.1737,-0.0852,5.0492
Victoria Bach,125,TOR,F,6,75.81666666666666,1,0,0,-2,2,0.9346866221295473,-1.5827654429544955,-1.5381080954777964,-1.7189870546086803,0.7396948427492571,-0.17189870546086805,0.5677961372883891,0.387,-0.217,0.17,0.715,-0.11,0.605,0.142,-0.022,0.164,0.1737,-0.0852,5.0492
Lee Stecklein,24,MIN,D,28,647.2833333333333,3,1,5,-2,6,1.7882663317315268,-0.1853902206658599,0.17267819758372357,-0.008200761547160318,0.16576354492451778,-0.0008200761547160319,0.16494346876980176,-2.885,-0.009,-2.894,-0.086,0.911,0.825,-0.017,0.18,0.163,0.1737,-0.0852,5.0492
Anna Meixner,221,OTT,F,27,312.95,1,1,0,-5,6,1.71302487823876,-0.9586195877935774,-0.689378510474723,-0.8702574696056069,0.3284278405314766,-0.0870257469605607,0.2414020935709159,-0.546,-0.454,-1.0,0.807,-0.009,0.798,0.16,-0.002,0.162,0.1737,-0.0852,5.0492
Daniela Pejsova,185,BOS,LD,26,327.4,0,1,1,-1,8,1.2912040091742463,-0.1832620647525962,0.13610846716610803,-0.044770491964775866,0.2366287127381026,-0.004477049196477587,0.232151663541625,-1.072,-0.024,-1.096,0.343,0.441,0.784,0.068,0.087,0.155,0.1737,-0.0852,5.0492
Taylor Girard,9,NY,LW,16,151.35,1,0,2,-1,10,1.0588679780224681,-0.39643211100099107,-0.17707054824124108,-0.35794950737212494,0.4197692677987981,-0.0357949507372125,0.3839743170615856,-0.034,-0.09,-0.124,0.621,0.125,0.746,0.123,0.025,0.148,0.1737,-0.0852,5.0492
Klara Hymlarova,190,MIN,F,24,295.28333333333336,0,0,1,0,2,1.0753818183202535,0.0,0.3292637431987352,0.1483847840678513,0.21851185561623934,0.01483847840678513,0.23335033402302446,-1.056,0.073,-0.983,0.22,0.493,0.713,0.044,0.098,0.142,0.1737,-0.0852,5.0492
Jill Saulnier,149,BOS,F,17,231.81666666666666,2,3,0,-1,8,1.0486915030193364,-0.2588252210798763,0.041542300527818876,-0.13933665860306502,0.2714278101135676,-0.013933665860306503,0.2574941442532611,-0.625,-0.054,-0.679,0.377,0.275,0.652,0.075,0.054,0.129,0.1737,-0.0852,5.0492
Megan Keller,12,BOS,LD,28,665.1999999999999,4,7,1,-7,16,2.0913275751040428,-0.6313890559230307,-0.2858099435010477,-0.46668890263193163,0.1886344776101061,-0.046668890263193166,0.14196558734691295,-2.711,-0.517,-3.228,0.165,0.428,0.593,0.033,0.085,0.118,0.1737,-0.0852,5.0492
Zoe Boyd,52,OTT,D,23,291.55,0,1,2,2,25,0.7406520426099439,0.41159320871205624,0.7769462319557207,0.5960672728248367,0.1524236753784827,0.059606727282483674,0.21203040266096637,-1.364,0.29,-1.074,-0.104,0.704,0.6,-0.021,0.139,0.118,0.1737,-0.0852,5.0492
Jincy Roese,60,OTT,D,26,563.2833333333333,3,4,7,-8,14,2.0820026068397506,-0.8521466402343404,-0.5246628837443166,-0.7055418428752005,0.22177144079720396,-0.07055418428752006,0.1512172565096839,-1.984,-0.662,-2.646,0.451,0.138,0.589,0.089,0.027,0.116,0.1737,-0.0852,5.0492
Mariah Keopple,99,MTL,D,29,496.18333333333334,3,1,0,1,14,1.0504305190468983,0.12092304591716771,0.5001477623342878,0.3192688032034039,0.1270212578875024,0.03192688032034039,0.1589481382078428,-2.532,0.264,-2.268,-0.386,0.969,0.583,-0.076,0.192,0.116,0.1737,-0.0852,5.0492
Ashton Bell,50,OTT,D,26,472.46666666666664,3,0,3,0,0,1.1242064069760622,0.0,0.37062662345831643,0.18974766432743254,0.14276644084640272,0.018974766432743255,0.16174120727914598,-2.287,0.149,-2.138,-0.244,0.821,0.577,-0.048,0.163,0.115,0.1737,-0.0852,5.0492
Savannah Harmon,56,TOR,D,23,527.65,0,2,2,-1,2,1.2748963787856629,-0.11371174073723112,0.25571119337632364,0.07483223424543975,0.1449706864913101,0.007483223424543975,0.15245390991585406,-2.534,0.066,-2.468,-0.253,0.815,0.562,-0.05,0.161,0.111,0.1737,-0.0852,5.0492
Kaitlyn O'Donohoe,194,MIN,F,6,42.88333333333333,0,0,0,-2,0,0.4944206116801717,-2.7982899339292655,-2.7274597755523953,-2.908338734683279,0.6917661103958873,-0.29083387346832795,0.40093223692755936,0.185,-0.208,-0.023,0.37,-0.147,0.223,0.073,-0.029,0.102,0.1737,-0.0852,5.0492
Brooke Bryant,91,MIN,F,20,155.76666666666665,1,1,2,-1,6,0.7668359677739767,-0.38519152578643273,-0.09790305951311096,-0.2787820186439949,0.2953787164547738,-0.027878201864399488,0.2675005145903743,-0.358,-0.072,-0.43,0.316,0.149,0.465,0.063,0.03,0.093,0.1737,-0.0852,5.0492
Amanda Boulier,51,MTL,D,25,419.8833333333333,1,5,0,0,4,0.9497530242816357,0.0,0.3744763281801635,0.19359736904927963,0.13571670255284754,0.019359736904927965,0.1550764394577755,-2.081,0.135,-1.946,-0.266,0.732,0.466,-0.053,0.145,0.092,0.1737,-0.0852,5.0492
Jocelyne Larocque,71,OTT,D,24,519.2833333333333,0,1,4,-2,12,1.2490174321666545,-0.23108771704592868,0.13869256648685374,-0.04218639264403015,0.14431629347498015,-0.004218639264403016,0.14009765421057713,-2.5,-0.037,-2.537,-0.255,0.701,0.446,-0.051,0.139,0.088,0.1737,-0.0852,5.0492
Katy Knoll,191,MIN,F,20,155.88333333333333,1,0,1,-2,6,0.8368793213826177,-0.7698064792045334,-0.4971194996102464,-0.6779984587411303,0.322117561956316,-0.06779984587411303,0.254317716082203,-0.288,-0.176,-0.464,0.386,0.045,0.431,0.076,0.009,0.085,0.1737,-0.0852,5.0492
Stephanie Markowski,219,OTT,D,26,325.5833333333333,1,1,4,1,10,0.7018421893364203,0.18428461735346816,0.5622438198198905,0.38136486068900655,0.12933871930438257,0.03813648606890066,0.16747520537328323,-1.649,0.207,-1.442,-0.241,0.669,0.428,-0.048,0.132,0.084,0.1737,-0.0852,5.0492
Megan Carter,208,TOR,D,18,317.23333333333335,0,0,1,2,10,0.5786726423695657,0.3782704633813176,0.7670918798972889,0.586212920766405,0.10944738428761355,0.0586212920766405,0.16806867636425404,-1.712,0.31,-1.402,-0.34,0.761,0.421,-0.067,0.151,0.084,0.1737,-0.0852,5.0492
Allyson Simpson,230,NY,D,28,595.4333333333333,1,2,2,-8,12,1.9271006356665177,-0.8061355875272911,-0.46358915723924576,-0.6444681163701297,0.19418805039465556,-0.06444681163701298,0.1297412387576426,-2.371,-0.64,-3.011,0.203,0.206,0.409,0.04,0.041,0.081,0.1737,-0.0852,5.0492
Jocelyne Larocque,71,TOR,D,6,154.7,0,0,2,0,0,0.5925546885919211,0.0,0.323088168551949,0.1422092094210651,0.22982082298329198,0.01422092094210651,0.24404174392539849,-0.524,0.037,-0.487,0.145,0.256,0.401,0.029,0.051,0.08,0.1737,-0.0852,5.0492
Natalie Buchbinder,90,MIN,D,17,301.06666666666666,0,1,1,-1,2,0.861435695549704,-0.19929140832595219,0.15554794993465063,-0.025331009196233267,0.17167673294834668,-0.002533100919623327,0.16914363202872335,-1.312,-0.013,-1.325,-0.01,0.415,0.405,-0.002,0.082,0.08,0.1737,-0.0852,5.0492
Emma Greco,118,BOS,LD,26,290.8666666666667,0,2,0,1,8,0.6392578683641225,0.206280082512033,0.5828591028456154,0.40198014371473145,0.1318661658326175,0.04019801437147315,0.17206418020409064,-1.461,0.195,-1.266,-0.203,0.608,0.405,-0.04,0.12,0.08,0.1737,-0.0852,5.0492
Kelly Babstock,175,BOS,RW,9,71.46666666666667,0,0,0,-1,9,0.5876381223020668,-0.8395522388059702,-0.6603730557470421,-0.841252014877926,0.49335290118643665,-0.08412520148779261,0.40922769969864403,0.072,-0.1,-0.028,0.381,0.001,0.382,0.075,0.0,0.075,0.1737,-0.0852,5.0492
Noemi Neubauerová,214,TOR,F,19,87.48333333333333,0,0,0,-5,4,0.25530016407581,-3.429224614212231,-3.076252616837957,-3.257131575968841,0.1750963213322378,-0.32571315759688413,-0.15061683626464634,-0.376,-0.475,-0.851,0.002,-0.351,-0.349,0.0,-0.07,0.07,0.1737,-0.0852,5.0492
Taylor House,217,OTT,F,11,93.98333333333333,1,1,0,-3,2,0.4461715558558701,-1.9152331973754213,-1.6221902420930558,-1.8030692012239398,0.2848408584999348,-0.180306920122394,0.1045339383775408,-0.232,-0.282,-0.514,0.174,-0.149,0.025,0.034,-0.03,0.064,0.1737,-0.0852,5.0492
Laura Kluge,212,TOR,F,12,50.449999999999996,0,0,2,0,2,0.3594891651820135,0.0,0.21511860576062253,0.034239646629738635,0.42753914590526887,0.0034239646629738636,0.4309631105682427,-0.005,0.003,-0.002,0.213,0.075,0.288,0.042,0.015,0.057,0.1737,-0.0852,5.0492
Allie Munroe,74,TOR,D,29,549.4333333333334,1,0,1,-2,8,1.1112131609421032,-0.21840684341442695,0.16391575991425789,-0.016963199216626007,0.12134827942096617,-0.0016963199216626008,0.11965195949930357,-2.855,-0.016,-2.871,-0.48,0.765,0.285,-0.095,0.152,0.057,0.1737,-0.0852,5.0492
Kayla Vespa,45,NY,F,9,44.46666666666667,0,0,0,-1,0,0.3370533321023268,-1.3493253373313343,-1.1490903272376651,-1.329969286368549,0.45479460103762237,-0.13299692863685492,0.32179767240076745,0.016,-0.099,-0.083,0.208,-0.035,0.173,0.041,-0.007,0.048,0.1737,-0.0852,5.0492
Kaitlin Willoughby,128,MTL,F,7,76.63333333333334,0,1,0,0,0,0.3179013076635324,0.0,0.3126691580459965,0.1317901989151126,0.24890054536509712,0.01317901989151126,0.26207956525660836,-0.235,0.017,-0.218,0.096,0.126,0.222,0.019,0.025,0.044,0.1737,-0.0852,5.0492
Maggie Flaherty,79,MIN,D,20,302.51666666666665,1,0,0,-4,12,0.9714158790389626,-0.7933447192992122,-0.44996763063650513,-0.630846589767389,0.19266691446974082,-0.06308465897673891,0.1295822554930019,-1.213,-0.318,-1.531,0.095,0.112,0.207,0.019,0.022,0.041,0.1737,-0.0852,5.0492
Kaitlin Willoughby,128,TOR,F,20,90.73333333333333,0,0,0,-4,0,0.2260611252891965,-2.645113886847906,-2.278158496986646,-2.45903745611753,0.1494893554447295,-0.245903745611753,-0.0964143901670235,-0.429,-0.372,-0.801,-0.037,-0.243,-0.28,-0.007,-0.048,0.041,0.1737,-0.0852,5.0492
Rylind MacKinnon,232,TOR,D,21,246.63333333333333,0,1,1,-1,27,0.5542250668138389,-0.24327611839437766,0.1316845695365941,-0.04919438959428979,0.1348297229713353,-0.004919438959428979,0.12991028401190632,-1.226,-0.02,-1.246,-0.16,0.33,0.17,-0.032,0.065,0.033,0.1737,-0.0852,5.0492
Brooke Hobson,38,NY,D,28,324.8,1,3,0,-7,8,0.9500868133846085,-1.2931034482758619,-0.9403566131779413,-1.1212355723088252,0.17550864779272324,-0.11212355723088252,0.06338509056184072,-1.395,-0.607,-2.002,0.01,-0.146,-0.136,0.002,-0.029,0.031,0.1737,-0.0852,5.0492
Jillian Dempsey,27,BOS,LW,7,52.43333333333333,0,0,1,0,0,0.2043830845612311,0.0,0.3208728228311498,0.13999386370026592,0.2338776555691138,0.013999386370026594,0.2478770419391404,-0.174,0.012,-0.162,0.053,0.087,0.14,0.01,0.017,0.027,0.1737,-0.0852,5.0492
Anna Kjellbin,200,MTL,D,18,197.01666666666668,0,0,1,-5,4,0.5066072211872457,-1.522713814398105,-1.1583764341791623,-1.3392553933100462,0.15428356283513106,-0.13392553933100462,0.020358023504126438,-0.916,-0.44,-1.356,-0.064,-0.16,-0.224,-0.013,-0.032,0.019,0.1737,-0.0852,5.0492
Jill Saulnier,149,NY,F,5,33.483333333333334,0,0,0,-1,0,0.12096401436597509,-1.7919362867098059,-1.461715788721706,-1.64259474785259,0.216759806728477,-0.164259474785259,0.05250033194321799,-0.121,-0.092,-0.213,0.024,-0.044,-0.02,0.005,-0.009,0.014,0.1737,-0.0852,5.0492
Savannah Harmon,56,OTT,D,5,106.69999999999999,0,0,0,-1,0,0.23624108275126388,-0.5623242736644799,-0.186279278766672,-0.36715823789755586,0.13284409526781474,-0.03671582378975559,0.09612827147805915,-0.534,-0.065,-0.599,-0.073,0.086,0.013,-0.014,0.017,0.003,0.1737,-0.0852,5.0492
Kelly Ann Nadeau,202,MTL,D,4,36.71666666666667,0,0,0,-1,0,0.0397281139004915,-1.634135270086246,-1.2209990502400214,-1.4018780093709053,0.06492111213879682,-0.14018780093709055,-0.07526668879829372,-0.225,-0.086,-0.311,-0.067,-0.034,-0.101,-0.013,-0.007,-0.006,0.1737,-0.0852,5.0492
Lauren Bernard,207,NY,D,8,38.58333333333333,0,0,2,0,0,0.0,0.0,0.4485881900529445,0.26770923092206056,0.0,0.026770923092206057,0.026770923092206057,-0.279,0.017,-0.262,-0.112,0.072,-0.04,-0.022,0.014,-0.008,0.1737,-0.0852,5.0492
Taylor Girard,9,BOS,LW,5,41.6,0,0,0,0,6,0.0,0.0,0.4485881900529445,0.26770923092206056,0.0,0.026770923092206057,0.026770923092206057,-0.3,0.019,-0.281,-0.12,0.078,-0.042,-0.024,0.015,-0.009,0.1737,-0.0852,5.0492
Taylor Baker,150,NY,D,3,31.799999999999994,0,0,0,-1,0,0.0,-1.8867924528301891,-1.4382042627772447,-1.6190832219081286,0.0,-0.16190832219081286,-0.16190832219081286,-0.23,-0.086,-0.316,-0.092,-0.041,-0.133,-0.018,-0.008,-0.01,0.1737,-0.0852,5.0492
Anna Kjellbin,200,TOR,D,7,79.68333333333334,0,2,0,-1,0,0.1147664772418731,-0.7529805480025099,-0.35158271170197203,-0.5324616708328559,0.0864169249259032,-0.05324616708328559,0.0331707578426176,-0.46,-0.071,-0.531,-0.116,0.042,-0.074,-0.023,0.008,-0.015,0.1737,-0.0852,5.0492
Dominika Lásková,82,MTL,D,5,50.75,0,0,0,-1,2,0.0561166124655327,-1.1822660098522169,-0.7699072142397094,-0.9507861733705933,0.06634476350604851,-0.09507861733705934,-0.028733853831010833,-0.31,-0.08,-0.39,-0.091,-0.008,-0.099,-0.018,-0.002,-0.016,0.1737,-0.0852,5.0492
Lauren Bernard,207,TOR,D,12,114.53333333333333,0,1,0,-2,2,0.21286222767770652,-1.0477299185098952,-0.6600354304536288,-0.8409143895845127,0.11151106222929912,-0.08409143895845128,0.027419623270847834,-0.614,-0.161,-0.775,-0.119,0.002,-0.117,-0.024,0.0,-0.024,0.1737,-0.0852,5.0492
Sydney Bard,180,BOS,RD,25,427.59999999999997,1,0,2,-6,12,0.8206389069218962,-0.841908325537886,-0.45620122845501504,-0.6370801875858989,0.11515045466630912,-0.06370801875858989,0.05144243590771923,-2.266,-0.454,-2.72,-0.417,0.153,-0.264,-0.083,0.03,-0.053,0.1737,-0.0852,5.0492
