name,player_id,team,pos,gp,toi_min,G,A1,A2,plusMinus,PIM,total_ixG,pm60,xGA60,xGA60_resid,d_adj_xGA60,ozs_pct,blocks60,blocks60_adj,block_val60,o_xG60,d_value60,value60,oGAA,dGAA,GAA,oGAR,dGAR,GAR,oWAR,dWAR,WAR,war60,o_replacement_val60,d_replacement_val60,goals_per_win,Season
Grace Zumwinkle,25,MIN,F,24,452.71666666666664,11,7,1,6,4,10.836813413927228,0.7951993520597873,1.4240738230250711,-1.291281106199178,-1.1853077080548422,0.574528702760077,0.39759967602989366,-0.27686531623164623,-0.011074612649265849,1.4362378341912905,0.10745615815621838,1.5436939923475088,6.184,0.811,6.995,8.33,1.163,9.493,1.823,0.255,2.078,0.275,0.3322,-0.0467,4.569,2023-24
Natalie Spooner,100,TOR,F,23,432.81666666666666,19,6,1,10,4,10.483785299383394,1.3862682429050022,1.2417261553883312,-0.8939778660318598,-0.7880044678875241,0.8,1.247641418614502,0.31684761639563014,0.012673904655825206,1.4533338625969507,0.09147435144457763,1.5448082140415285,6.036,0.66,6.696,8.087,0.997,9.084,1.77,0.218,1.988,0.276,0.3322,-0.0467,4.569,2023-24
Hilary Knight,13,BOS,F,23,498.54999999999995,5,3,2,6,6,9.506409284608443,0.7220940728111523,1.9448920828380998,-0.6813546201022578,-0.5753812219579221,0.4230769230769231,1.3238391334871127,0.5144943296975278,0.020579773187901114,1.144086966355444,0.07811789538369332,1.2222048617391374,4.383,0.649,5.032,6.746,1.037,7.783,1.476,0.227,1.703,0.205,0.3322,-0.0467,4.569,2023-24
Kendall Coyne Schofield,20,MIN,F,24,458.96666666666664,6,4,6,12,6,9.198173687107328,1.5687413755537802,1.4174830028196328,-0.6955647599850869,-0.5895913618407512,0.65,1.0458275837025204,0.3713625914409805,0.01485450365763922,1.2024629702079448,0.07381363984171435,1.2762766100496592,4.481,0.565,5.046,6.657,0.922,7.579,1.457,0.202,1.659,0.217,0.3322,-0.0467,4.569,2023-24
Laura Stacey,32,MTL,F,21,455.0333333333333,9,5,3,6,2,9.036104430810047,0.7911508314409201,1.6120051289166246,-0.858768031026653,-0.7527946328823173,0.5105841929948152,1.3185847190682003,-0.24276129298587534,-0.009710451719435013,1.1914869222370585,0.06556901156879671,1.2570559338058553,4.36,0.497,4.857,6.517,0.851,7.368,1.426,0.186,1.612,0.213,0.3322,-0.0467,4.569,2023-24
Hayley Scamurra,61,OTT,F,22,425.91666666666663,4,4,0,2,2,7.603257146593939,0.2817452553316377,1.2170099643506664,-0.9732466208835429,-0.8672732227392072,0.5384615384615384,1.5495989043240073,0.5664013245504809,0.022656052982019236,1.0710908130596042,0.10938337525593995,1.180474188315544,3.226,0.776,4.002,5.245,1.108,6.353,1.148,0.243,1.391,0.196,0.3322,-0.0467,4.569,2023-24
Sophie Jaques,11,BOS,D,6,105.68333333333334,0,0,0,-4,0,6.279026812589057,-2.2709351837249647,7.166304977864652,-4.9771849723434514e-05,0.10592362629461231,0.5298394239166777,5.677337959312411,3.605746355186922,0.1442298542074769,3.564815727065227,0.13363749157801566,3.698453218643243,5.193,0.235,5.428,5.694,0.318,6.012,1.246,0.07,1.316,0.747,0.3322,-0.0467,4.569,2023-24
Jessie Eldridge,36,NY,F,23,425.5833333333333,7,5,2,-10,10,7.201688599146977,-1.409829645584492,1.6166106493841204,-0.6560473734457171,-0.5500739753013814,0.472729039075736,1.1278637164675935,0.4514531310297365,0.018058125241189462,1.015315408534526,0.0730655227713276,1.0883809313058537,2.828,0.518,3.346,4.845,0.849,5.694,1.06,0.186,1.246,0.176,0.3322,-0.0467,4.569,2023-24
Blayre Turnbull,76,TOR,F,23,441.56666666666666,3,3,2,5,14,6.736920678950998,0.6793991092322791,1.3729546047477186,-0.8840756806489187,-0.778102282504583,0.4154411764705882,1.9023175058503812,0.9715237036315093,0.03886094814526037,0.9154115816495657,0.11667117639571867,1.0320827580452843,2.199,0.859,3.058,4.292,1.202,5.494,0.939,0.263,1.202,0.163,0.3322,-0.0467,4.569,2023-24
Taylor Heise,21,MIN,F,19,369.6166666666667,4,6,3,5,8,6.639248115334947,0.8116517112323579,1.4930547788486828,-0.6146283888144439,-0.5086549906701082,0.5732484076433121,1.4609730802182441,0.7865080879567042,0.03146032351826817,1.0777514188215633,0.08232582258527898,1.1600772414068423,2.841,0.507,3.348,4.593,0.795,5.388,1.005,0.174,1.179,0.191,0.3322,-0.0467,4.569,2023-24
Marie-Philip Poulin,31,MTL,F,20,437.3833333333333,10,6,7,9,14,6.9655048020386126,1.2346149449376975,1.4867034614055923,-0.6697339207248847,-0.563760522580549,0.478021978021978,1.783332698243341,0.22198668618926543,0.008879467447570618,0.9555240364035745,0.06525551970562551,1.0207795561092001,2.471,0.476,2.947,4.544,0.816,5.36,0.995,0.179,1.174,0.161,0.3322,-0.0467,4.569,2023-24
Alex Carpenter,34,NY,F,23,495.7833333333333,8,6,8,-9,0,7.450518265714183,-1.0891854640804115,1.6567746500690343,-0.33356072255037983,-0.22758732440604407,0.5055350553505535,0.8471442498403201,0.17073366440246307,0.006829346576098523,0.9016662438757206,0.02958807901670293,0.9312543228924235,2.355,0.244,2.599,4.706,0.63,5.336,1.03,0.138,1.168,0.141,0.3322,-0.0467,4.569,2023-24
Brianne Jenner,58,OTT,F,22,404.31666666666666,9,5,3,1,4,6.709219796545366,0.1483985325034008,1.227806109058746,-0.5919285269904273,-0.48595512884609154,0.6280487804878049,0.741992662517004,-0.2412049172565224,-0.009648196690260897,0.9956383720500974,0.03894731619434826,1.0345856882444457,2.554,0.262,2.816,4.471,0.577,5.048,0.979,0.126,1.105,0.164,0.3322,-0.0467,4.569,2023-24
Daryl Watts,63,OTT,F,22,377.26666666666665,10,3,2,-1,6,6.334702231909283,-0.1590386994168581,1.2422326677630953,-0.8701094011303387,-0.764136002986003,0.527145240536056,0.7951934970842905,-0.18800408268923588,-0.007520163307569435,1.0074628041559206,0.06889343699103087,1.0763562411469514,2.458,0.433,2.891,4.246,0.727,4.973,0.929,0.159,1.088,0.173,0.3322,-0.0467,4.569,2023-24
Sophie Jaques,11,MIN,D,15,387.56666666666666,2,4,4,3,4,6.279026812589057,0.46443622602563,1.954138636993195,-0.7922388629970811,-0.6862654648527454,0.5298394239166777,1.5481207534187666,-0.38859103917867766,-0.015543641567147106,0.972069171984201,0.053082904918127435,1.0251520769023283,2.296,0.343,2.639,4.133,0.644,4.777,0.905,0.141,1.046,0.162,0.3322,-0.0467,4.569,2023-24
Susanna Tapani,78,MIN,F,9,148.8,2,3,0,7,2,5.712551561192957,2.8225806451612905,5.992021237341234,1.5897593000568735,1.6957326982012093,0.4972972972972973,1.6129032258064515,0.9384382335449116,0.037537529341796466,2.3034482101584506,-0.13203574047832448,2.171412469680126,4.183,-0.327,3.856,4.889,-0.212,4.677,1.07,-0.046,1.024,0.413,0.3322,-0.0467,4.569,2023-24
Maureen Murphy,98,MTL,F,22,379.68333333333334,3,6,4,1,2,6.069865382722409,0.15802642553004698,1.5378719768083062,-0.6949445328988144,-0.5889711347544787,0.4520547945205479,0.9481585531802817,-0.6131874588737939,-0.024527498354951757,0.959199129880193,0.03436961512049612,0.993568745000689,2.168,0.217,2.385,3.968,0.513,4.481,0.868,0.112,0.98,0.155,0.3322,-0.0467,4.569,2023-24
Sarah Nurse,75,TOR,F,23,429.8333333333333,11,8,3,4,12,6.181870870356661,0.5583559519193486,1.4182800369529458,-0.3917371076903229,-0.2857637095459871,0.5478547854785478,1.3958898797983714,0.4650960775794996,0.018603843103179984,0.8629210986151215,0.0471802140577787,0.9101013126729002,1.764,0.338,2.102,3.802,0.672,4.474,0.832,0.147,0.979,0.137,0.3322,-0.0467,4.569,2023-24
Kelly Pannek,23,MIN,F,24,480.0,4,6,5,11,2,6.117150514674288,1.375,1.4380458762996324,-0.3214834942973037,-0.21551009615296796,0.5045045045045045,2.125,1.45053500773846,0.0580214003095384,0.764643814334286,0.07957240992483519,0.8442162242591211,1.184,0.637,1.821,3.46,1.01,4.47,0.757,0.221,0.978,0.122,0.3322,-0.0467,4.569,2023-24
Emily Clark,53,OTT,F,22,409.51666666666665,3,7,3,4,8,6.416200371924152,0.5860567335476782,1.2369140605101299,-0.22016623978659866,-0.11419284164226291,0.7272727272727273,0.5860567335476782,-0.3971408462258482,-0.01588563384903393,0.9400643579393165,-0.004466349684807637,0.9355980082545089,2.208,-0.03,2.178,4.149,0.288,4.437,0.908,0.063,0.971,0.142,0.3322,-0.0467,4.569,2023-24
Jamie Lee Rattray,16,BOS,F,23,369.4,2,5,3,-2,8,6.4059078050571125,-0.3248511099079589,1.7020610190179293,0.4549068630848676,0.5608802612292033,0.868421052631579,0.6497022198159178,-0.159642583973667,-0.006385703358946681,1.0404831302204298,-0.06247372948186701,0.9780094007385628,2.61,-0.385,2.225,4.361,-0.097,4.264,0.954,-0.021,0.933,0.152,0.3322,-0.0467,4.569,2023-24
Denisa Křížová,104,MIN,F,24,382.93333333333334,3,1,2,0,8,5.919538800630678,0.0,1.4156249035636574,-0.4324680587901817,-0.3264946606458459,0.574528702760077,0.15668523676880222,-0.5177797554927377,-0.02071119021970951,0.9275043385389294,0.011938275844875088,0.9394426143838045,1.984,0.076,2.06,3.799,0.374,4.173,0.831,0.082,0.913,0.143,0.3322,-0.0467,4.569,2023-24
Michela Cava,115,MIN,F,24,360.0833333333333,5,2,1,3,4,5.759103830006957,0.499884286044897,1.4161273161560668,-0.3579518942224744,-0.25197849607813866,0.6222222222222222,0.499884286044897,-0.1745807062166429,-0.006983228248665716,0.9596285021071533,0.01821462135914815,0.9778431234663015,2.059,0.109,2.168,3.765,0.389,4.154,0.824,0.085,0.909,0.151,0.3322,-0.0467,4.569,2023-24
Kristin O'Neill,30,MTL,F,21,390.5,4,0,5,-1,6,5.440773509797512,-0.15364916773367476,1.624880397872176,-0.46126961838809355,-0.3552962202437578,0.4285714285714285,2.151088348271447,0.5897423362173713,0.02358969344869485,0.8359703216078123,0.05911931547307063,0.8950896370808828,1.428,0.385,1.813,3.279,0.689,3.968,0.718,0.151,0.869,0.134,0.3322,-0.0467,4.569,2023-24
Gabbie Hughes,57,OTT,F,22,411.54999999999995,9,0,3,3,18,5.676964920311224,0.43737091483416357,1.2202205736172318,-0.6077366922113314,-0.5017632940669957,0.5189393939393939,0.5831612197788848,-0.4000363599946416,-0.016001454399785665,0.8276464468926581,0.03417487500691391,0.8618213218995721,1.447,0.234,1.681,3.398,0.555,3.953,0.744,0.121,0.865,0.126,0.3322,-0.0467,4.569,2023-24
Susanna Tapani,78,BOS,F,16,332.21666666666664,2,2,4,8,6,5.712551561192957,1.4448402147193098,2.6838291078604595,0.4495498111109688,0.5555232092553045,0.4972972972972973,0.7224201073596549,-0.08692469642992992,-0.003476987857197197,1.031715528033645,-0.05902930878272765,0.9726862192509174,2.298,-0.327,1.971,3.873,-0.068,3.805,0.848,-0.015,0.833,0.15,0.3322,-0.0467,4.569,2023-24
Sidney Morin,167,BOS,D,23,428.0,1,0,3,-3,2,5.585330043883982,-0.4205607476635514,1.8717489705681758,-0.5522966826885405,-0.4463232845442047,0.5298394239166777,1.2616822429906542,-0.809909361134835,-0.0323963744453934,0.7829901930678479,0.012235954009027071,0.795226147076875,1.187,0.087,1.274,3.216,0.42,3.636,0.704,0.092,0.796,0.112,0.3322,-0.0467,4.569,2023-24
Tereza Vanišová,161,OTT,F,6,78.46666666666667,0,1,1,-2,21,3.826330557319911,-1.5293118096856413,5.651800761876585,0.22441760199450922,0.330391000138845,0.5105841929948152,2.293967714528462,1.3107701347549356,0.05243080539019743,2.9258262545351914,0.019391705376312927,2.9452179599115045,3.02,0.025,3.045,3.392,0.086,3.478,0.742,0.019,0.761,0.582,0.3322,-0.0467,4.569,2023-24
Alina Müller,15,BOS,F,23,455.5,5,8,3,7,6,5.948923450379852,0.9220636663007684,1.909121074261035,0.11589300258901081,0.22186640073334657,0.504,0.0,-0.8093448037895848,-0.0323737921515834,0.7836123095999805,-0.054560432224918055,0.7290518773750625,1.268,-0.414,0.854,3.427,-0.06,3.367,0.75,-0.013,0.737,0.097,0.3322,-0.0467,4.569,2023-24
Liz Schepers,97,MIN,F,19,234.7,0,2,1,0,8,3.985269049164334,0.0,1.6001108352755442,-0.750660768953622,-0.6446873708092863,0.4460093896713615,0.5112910097997444,-0.16317398246179549,-0.00652695929847182,1.0188161182354498,0.057941777782456814,1.0767578960179067,1.573,0.227,1.8,2.686,0.409,3.095,0.588,0.09,0.678,0.173,0.3322,-0.0467,4.569,2023-24
Loren Gabel,8,BOS,F,17,226.6,4,1,2,-1,2,4.004692685849252,-0.264783759929391,1.618059235211479,-0.5745753604699522,-0.4686019623256164,0.5308168796073996,0.0,-0.8093448037895848,-0.0323737921515834,1.0603775867208964,0.014486404080978246,1.0748639908018747,1.676,0.055,1.731,2.75,0.231,2.981,0.602,0.051,0.653,0.173,0.3322,-0.0467,4.569,2023-24
Kati Tabin,84,MTL,D,22,493.79999999999995,0,3,2,6,14,4.533190483976461,0.7290400972053465,1.5709881098876224,-0.5092451064314347,-0.40327170828709896,0.5105841929948152,3.159173754556501,0.3355809421665208,0.013423237686660832,0.5508129385147584,0.05375040851537073,0.6045633470301292,-0.542,0.442,-0.1,1.799,0.826,2.625,0.394,0.181,0.575,0.07,0.3322,-0.0467,4.569,2023-24
Jade Downie-Landry,35,NY,F,23,319.21666666666664,8,3,2,-8,18,3.9905281630972844,-1.503680885500966,1.6792992358897734,-0.09237879016460471,0.013594607979731041,0.4907975460122699,1.3157207748133453,0.6393101893754882,0.02557240757501953,0.7500601152378336,0.024212946777046426,0.77427306201488,0.71,0.129,0.839,2.223,0.377,2.6,0.487,0.083,0.57,0.107,0.3322,-0.0467,4.569,2023-24
Lexie Adzija,49,BOS,F,6,79.98333333333333,1,2,0,2,2,3.180999672366759,1.500312565117733,6.525947340439158,2.0648349738871605,2.1708083720314963,0.5277777777777778,0.7501562825588665,-0.059188521230718355,-0.0023675408492287342,2.38624688904362,-0.21944837805237838,2.1667985109912413,2.359,-0.293,2.066,2.738,-0.23,2.508,0.599,-0.05,0.549,0.412,0.3322,-0.0467,4.569,2023-24
Tereza Vanišová,161,MTL,F,16,262.7833333333333,2,3,3,0,16,3.826330557319911,0.0,1.6876183159075897,-0.24131790618597715,-0.1353445080416414,0.5105841929948152,0.6849749476755249,-0.8763710643785507,-0.03505484257514203,0.8736468577631561,-0.021520391770977886,0.8521264659921782,1.126,-0.094,1.032,2.371,0.11,2.481,0.519,0.024,0.543,0.124,0.3322,-0.0467,4.569,2023-24
Mikyla Grant-Mentis,138,OTT,F,6,77.85,0,2,1,0,0,2.726252849253632,0.0,2.9870957403896936,-0.07297832802526782,0.032995070119067924,0.8666666666666667,1.5414258188824665,0.5582282391089401,0.022329129564357605,2.1011582653207186,0.019029622552450814,2.1201878878731693,1.926,0.025,1.951,2.295,0.085,2.38,0.502,0.019,0.521,0.402,0.3322,-0.0467,4.569,2023-24
Mikyla Grant-Mentis,138,MTL,F,6,73.81666666666666,2,0,0,-1,4,2.726252849253632,-0.8128245653646422,3.1503102739580626,-0.1054807356767089,0.0004926624676268448,0.8666666666666667,1.6256491307292844,0.06430311867520877,0.002572124747008351,2.215965287268701,0.0025228585002456663,2.2184881457689465,1.968,0.003,1.971,2.318,0.061,2.379,0.507,0.013,0.52,0.423,0.3322,-0.0467,4.569,2023-24
Abby Boreen,114,MIN,F,9,148.91666666666666,4,0,1,2,4,2.9578978155666915,0.8058198097369894,1.5911014923442308,-0.7074913373416014,-0.6015179391972657,0.574528702760077,0.0,-0.6744649922615399,-0.026978599690461597,1.191766327480704,0.03317319422926498,1.224939521709969,1.427,0.082,1.509,2.133,0.198,2.331,0.467,0.043,0.51,0.205,0.3322,-0.0467,4.569,2023-24
Emma Maltais,73,TOR,F,23,432.3,5,6,7,9,14,4.453032465018034,1.2491325468424705,1.409749113263545,-0.022029910560566357,0.08394348758376939,0.5333333333333333,0.8327550312283136,-0.0980387709905582,-0.0039215508396223285,0.618047531577798,-0.012315899597999266,0.6057316319797987,0.01,-0.089,-0.079,2.06,0.248,2.308,0.451,0.054,0.505,0.07,0.3322,-0.0467,4.569,2023-24
Rebecca Leslie,72,TOR,F,23,243.1,2,2,3,1,10,3.3226764092719985,0.24681201151789386,1.373504610039805,-0.31225383241446325,-0.2062804342701275,0.5668242255597484,1.2340600575894694,0.30326625537059754,0.012130650214823901,0.8200764481954748,0.03275869364183665,0.8528351418373115,0.824,0.133,0.957,1.977,0.322,2.299,0.433,0.07,0.503,0.124,0.3322,-0.0467,4.569,2023-24
Brittany Howard,69,TOR,F,22,243.16666666666666,2,4,2,1,10,3.444093740680625,0.24674434544208362,1.526173152291306,-0.21027459505725354,-0.1043011969129178,0.5668242255597484,0.49348869088416725,-0.43730511133470457,-0.017492204453388182,0.8498106556854181,-0.007062084762096401,0.8427485709233218,0.945,-0.029,0.916,2.098,0.161,2.259,0.459,0.035,0.494,0.122,0.3322,-0.0467,4.569,2023-24
Hannah Brandt,1,BOS,F,23,403.75,5,1,3,-6,4,3.868952579123981,-0.891640866873065,1.9400743168520829,0.22992971013784458,0.33590310828218034,0.403030303030303,1.78328173374613,0.9739369299565451,0.03895747719826181,0.5749527052568145,0.005367166370043773,0.5803198716268583,-0.28,0.036,-0.244,1.634,0.35,1.984,0.358,0.077,0.435,0.065,0.3322,-0.0467,4.569,2023-24
Hannah Miller,89,TOR,F,22,331.35,7,4,3,6,8,3.8278328305189624,1.086464463558171,1.4010763899905945,0.30719363668061006,0.4131670348249458,0.7058823529411765,0.5432322317790855,-0.3875615704397863,-0.015502462817591451,0.6931340571333567,-0.05681916630008603,0.6363148908332708,0.423,-0.314,0.109,1.993,-0.056,1.937,0.436,-0.012,0.424,0.077,0.3322,-0.0467,4.569,2023-24
Sophie Shirley,18,BOS,F,19,245.31666666666666,3,1,1,-4,4,3.1441369104692973,-0.9783273320198382,1.9367083901550317,0.23816176897365815,0.3441351671179939,0.5298394239166777,0.4891636660099191,-0.3201811377796657,-0.01280724551118663,0.7689987687811312,-0.047220762222986025,0.7217780065581452,0.623,-0.193,0.43,1.786,-0.002,1.784,0.391,-0.0,0.391,0.096,0.3322,-0.0467,4.569,2023-24
Mélodie Daoust,168,MTL,F,6,109.18333333333334,3,1,1,6,4,2.2495647867565594,3.297206533353686,2.1074549356754173,-0.4395653634384158,-0.33359196529408003,0.5105841929948152,1.0990688444512289,-0.46227716760284676,-0.01849108670411387,1.2362132853493533,0.014868109825294133,1.2510813951746473,1.127,0.027,1.154,1.645,0.112,1.757,0.36,0.025,0.385,0.212,0.3322,-0.0467,4.569,2023-24
Lexie Adzija,49,OTT,F,15,237.78333333333333,6,0,3,-2,4,3.180999672366759,-0.5046611060489241,2.1951371197005343,0.43363415082359014,0.5396075489679258,0.5277777777777778,0.25233055302446206,-0.7308670267490643,-0.029234681069962576,0.8026634064989369,-0.08319543596675516,0.7194679705321817,0.737,-0.33,0.407,1.864,-0.145,1.719,0.408,-0.032,0.376,0.095,0.3322,-0.0467,4.569,2023-24
Jesse Compher,65,TOR,F,23,338.98333333333335,1,2,0,-1,23,3.35276654284586,-0.17699985250012293,1.4175327773597193,0.16121970059282287,0.26719309873715863,0.5827814569536424,1.0619991150007375,0.1312053127818657,0.005248212511274628,0.5934391835510643,-0.021471097362441235,0.571968086188623,-0.131,-0.121,-0.252,1.476,0.142,1.618,0.323,0.031,0.354,0.063,0.3322,-0.0467,4.569,2023-24
Elizabeth Giguère,37,NY,F,23,290.48333333333335,3,1,0,-15,6,3.079345937972595,-3.098284468414711,1.6975388725447307,0.07143932052428559,0.17741271866862135,0.472729039075736,0.6196568936829422,-0.05675369175491485,-0.002270147670196594,0.6360459794997615,-0.02001141953705873,0.6160345599627027,0.094,-0.097,-0.003,1.471,0.129,1.6,0.322,0.028,0.35,0.072,0.3322,-0.0467,4.569,2023-24
Amanda Boulier,51,MTL,D,5,96.91666666666666,0,2,1,-2,0,1.862852258621012,-1.2381771281169391,5.409212995711657,2.301941929366367,2.407915327510703,0.5105841929948152,11.762682717110922,8.939089904720941,0.35756359618883765,1.1532705298427588,0.11677206343776733,1.2700425932805262,0.867,0.189,1.056,1.326,0.264,1.59,0.29,0.058,0.348,0.215,0.3322,-0.0467,4.569,2023-24
Claire Dalton,26,MTL,F,18,236.41666666666666,5,3,1,4,0,2.6799124037238977,1.0151568558336272,1.5217483963034955,-0.07729539752687509,0.02867800061746066,0.5105841929948152,1.7765244977088472,0.2151784856547716,0.008607139426190864,0.6801328624184725,0.005739339364444797,0.6858722017829173,0.25,0.023,0.273,1.371,0.207,1.578,0.3,0.045,0.345,0.088,0.3322,-0.0467,4.569,2023-24
Megan Keller,12,BOS,D,23,579.9666666666667,4,8,3,8,12,4.366780835194055,0.8276337720558653,1.8755619522585136,0.018815990271226823,0.12478938841556257,0.5308168796073996,2.2759928731536294,0.20440126902814018,0.008176050761125608,0.4517619117966147,-0.0043028880804306495,0.447459023716184,-1.594,-0.042,-1.636,1.156,0.41,1.566,0.253,0.09,0.343,0.035,0.3322,-0.0467,4.569,2023-24
Sophia Kunin,103,MIN,F,24,308.2166666666667,2,0,1,-1,6,3.502445427148447,-0.1946682528524306,1.2940420178908918,0.6959439521705111,0.8019173503148468,0.8823529411764706,0.3893365057048612,-0.28512848655667866,-0.011405139462267146,0.6818149320139733,-0.09159687449375184,0.5902180575202214,0.335,-0.471,-0.136,1.796,-0.231,1.565,0.393,-0.051,0.342,0.067,0.3322,-0.0467,4.569,2023-24
Shiann Darkangelo,4,OTT,F,7,64.01666666666667,0,0,0,-1,4,1.9930535319564642,-0.9372559229367352,5.117803813867867,1.2520005596240003,1.357973957768336,0.4210526315789473,0.0,-0.9831975797735264,-0.03932790319094106,1.8680012275561757,-0.17512529896777468,1.692875928588401,1.335,-0.187,1.148,1.639,-0.137,1.502,0.359,-0.03,0.329,0.308,0.3322,-0.0467,4.569,2023-24
Jaime Bourbonnais,87,NY,D,23,578.4333333333333,5,3,5,-13,12,4.1786204615472435,-1.3484700051864233,1.6761563305878793,-0.3062016447806728,-0.20022824663633704,0.472729039075736,1.4521984671238404,-0.4864589186499211,-0.019458356745996844,0.4334418734965158,0.0005644679176368614,0.4340063414141527,-1.766,0.005,-1.761,0.976,0.455,1.431,0.214,0.1,0.314,0.033,0.3322,-0.0467,4.569,2023-24
Sarah Lefort,158,MTL,F,22,251.31666666666666,1,1,2,0,8,2.6808510540213586,0.0,1.4470302210482815,-0.0836541469147094,0.022319251229626344,0.5105841929948152,0.9549704887592015,-0.6063755232948741,-0.024255020931794963,0.6400334103373494,-0.0264869460547576,0.6135464642825919,0.098,-0.111,-0.013,1.289,0.085,1.374,0.282,0.019,0.301,0.072,0.3322,-0.0467,4.569,2023-24
Maggie Connors,66,TOR,F,23,356.73333333333335,2,1,1,-1,6,3.1658130565748697,-0.16819286114744905,1.3331756167023603,0.13771829007243785,0.24369168821677362,0.5668242255597484,0.6727714445897962,-0.2580223576290756,-0.010320894305163024,0.5324671558432783,-0.034690063126840386,0.49777709271643794,-0.5,-0.206,-0.706,1.191,0.071,1.262,0.261,0.016,0.277,0.047,0.3322,-0.0467,4.569,2023-24
Brittyn Fleming,105,MIN,F,23,272.05,1,1,0,4,8,2.469950701533958,0.8821907737548245,1.2734221110929678,-0.06714066362704152,0.03883273451729423,0.5208333333333334,0.6616430803161183,-0.012821911945421594,-0.0005128764778168638,0.5447419301306284,-0.0043961499295462865,0.5403457802010821,-0.326,-0.02,-0.346,0.964,0.192,1.156,0.211,0.042,0.253,0.056,0.3322,-0.0467,4.569,2023-24
Natalie Snodgrass,142,OTT,F,21,267.0,1,3,1,-3,10,2.3124350635855535,-0.6741573033707865,1.2764110376278908,-0.22528738273382132,-0.11931398458948557,0.4453125,1.1235955056179776,0.14039792584445118,0.005615917033778047,0.51964832889563,0.017547315492726603,0.5371956443883565,-0.432,0.078,-0.354,0.834,0.286,1.12,0.183,0.063,0.246,0.055,0.3322,-0.0467,4.569,2023-24
Catherine Dubois,157,MTL,F,19,192.93333333333334,2,2,1,-3,12,2.0563836890871343,-0.9329647546648238,1.4919081434534496,-0.03788593337555324,0.06808746476878251,0.5105841929948152,1.5549412577747064,-0.0064047542793692624,-0.0002561901711747705,0.6395111679953078,-0.007064936648053022,0.6324462313472548,0.074,-0.023,0.051,0.988,0.127,1.115,0.216,0.028,0.244,0.076,0.3322,-0.0467,4.569,2023-24
Ella Shelton,44,NY,D,23,605.8333333333334,6,11,3,-6,10,3.9747073351497875,-0.5942228335625859,1.7044608910430281,-0.21005116431580517,-0.10407776617146942,0.472729039075736,1.485557083906465,-0.45310030186729655,-0.018124012074691862,0.3936436425457836,-0.007716235457544919,0.3859274070882387,-2.251,-0.078,-2.329,0.62,0.393,1.013,0.136,0.086,0.222,0.022,0.3322,-0.0467,4.569,2023-24
Sarah Bujold,81,MTL,F,19,263.78333333333336,3,1,0,-6,16,2.185412444489683,-1.3647564288873444,1.374030103428912,-0.1461078626917507,-0.04013446454741494,0.4242424242424242,1.819675238516459,0.2583292264623833,0.010333169058495333,0.4970926138979503,0.014346615513236828,0.5114392294111871,-0.525,0.063,-0.462,0.725,0.268,0.993,0.159,0.059,0.218,0.05,0.3322,-0.0467,4.569,2023-24
Paetyn Levis,40,NY,F,22,292.7166666666667,0,1,2,-3,4,2.5831037541948123,-0.6149291123384387,1.7434695620586351,0.2990461845238277,0.40501958266816346,0.472729039075736,0.6149291123384387,-0.061481473099418316,-0.0024592589239767326,0.5294752328817015,-0.042961217190793086,0.4865140156909084,-0.425,-0.21,-0.635,0.962,0.018,0.98,0.211,0.004,0.215,0.044,0.3322,-0.0467,4.569,2023-24
Victoria Bach,125,TOR,F,16,226.65,2,2,1,3,2,2.0592223174695254,0.7941760423560557,1.2878080167230967,-0.14428228436256285,-0.0383088862182271,0.4871794871794871,0.7941760423560557,-0.13661775986281616,-0.005464710394512647,0.5451283434730709,-0.001633821772689936,0.543494521700381,-0.27,-0.006,-0.276,0.804,0.17,0.974,0.176,0.037,0.213,0.056,0.3322,-0.0467,4.569,2023-24
Amanda Pelkey,110,BOS,F,22,236.55,1,0,1,-5,8,2.346000580127033,-1.2682308180088777,2.0811068069419902,0.6790919511453257,0.7850653492896614,0.5298394239166777,1.014584654407102,0.20523985061751718,0.008209594024700687,0.5950540469567618,-0.07029694090426546,0.5247571060524964,-0.085,-0.277,-0.362,1.036,-0.093,0.943,0.227,-0.02,0.207,0.053,0.3322,-0.0467,4.569,2023-24
Amanda Boulier,51,OTT,D,15,252.7,1,4,1,6,2,1.862852258621012,1.4246141669964385,2.074566255775181,0.1793071702140523,0.28528056835838805,0.5105841929948152,4.511278195488722,2.265833815379291,0.09063335261517164,0.4423076197754678,0.062105295779332825,0.5044129155548006,-0.734,0.262,-0.472,0.464,0.458,0.922,0.102,0.1,0.202,0.048,0.3322,-0.0467,4.569,2023-24
Abby Roque,42,NY,F,23,473.01666666666665,6,5,2,-16,29,3.6688697893904014,-2.0295267960959795,1.6602875743432914,0.37626498505195505,0.4822383831962908,0.4916666666666666,0.25369084951199744,-0.42271973592585965,-0.016908789437034385,0.46537934680967713,-0.06513262775666347,0.4002467190530137,-1.192,-0.513,-1.705,1.05,-0.146,0.904,0.23,-0.032,0.198,0.025,0.3322,-0.0467,4.569,2023-24
Shiann Darkangelo,4,BOS,F,17,202.8,0,1,0,-5,0,1.9930535319564642,-1.4792899408284022,1.615506611527488,-0.07104948121893195,0.034923916925403795,0.4210526315789473,0.0,-0.8093448037895848,-0.0323737921515834,0.5896608082711432,-0.035866183844123774,0.5537946244270194,-0.091,-0.121,-0.212,0.87,0.037,0.907,0.19,0.008,0.198,0.059,0.3322,-0.0467,4.569,2023-24
Erin Ambrose,83,MTL,D,22,560.75,4,10,4,6,4,3.4669778038288133,0.6419973250111458,1.562047888947254,-0.15695990473030474,-0.050986506585968996,0.5308168796073996,2.8889879625501558,0.06539515016017572,0.002615806006407029,0.3709650793218525,0.007714456665003928,0.37867953598685644,-2.296,0.072,-2.224,0.362,0.508,0.87,0.079,0.111,0.19,0.02,0.3322,-0.0467,4.569,2023-24
Samantha Cogan,126,TOR,F,22,198.93333333333334,2,0,0,-5,6,1.7320536571455334,-1.5080428954423593,1.2699049454631373,0.09160575108124891,0.19757914922558467,0.5668242255597484,1.809651474530831,0.8788576723119591,0.035154306892478365,0.5224022424366556,0.015396391969919897,0.5377986344065755,-0.312,0.051,-0.261,0.631,0.206,0.837,0.138,0.045,0.183,0.055,0.3322,-0.0467,4.569,2023-24
Theresa Schafzahl,17,BOS,F,20,269.1166666666667,3,3,0,5,0,2.5371915654932264,1.1147581594104168,2.049758280592996,0.6978340899086255,0.8038074880529612,0.5298394239166777,0.4459032637641667,-0.3634415400254182,-0.014537661601016728,0.5656709999241726,-0.09491841040631285,0.4707525895178597,-0.229,-0.426,-0.655,1.047,-0.216,0.831,0.229,-0.047,0.182,0.041,0.3322,-0.0467,4.569,2023-24
Fanni Garát-Gasparics,137,OTT,F,14,118.51666666666667,1,0,0,-1,4,1.3848327542450212,-0.5062579102798481,1.078212743714025,-0.5019146456990211,-0.39594124755468535,0.5308168796073996,0.0,-0.9831975797735264,-0.03932790319094106,0.7010825362511709,0.00026622156452747736,0.7013487578156984,0.167,0.001,0.168,0.729,0.093,0.822,0.16,0.02,0.18,0.091,0.3322,-0.0467,4.569,2023-24
Alexandra Labelle,39,NY,F,23,243.65,1,2,0,-2,4,1.8947419434172459,-0.4925097475887544,1.837750234010524,0.11181949753346254,0.2177928956777983,0.3287671232876712,1.7237841165606402,1.0473735311227832,0.041894941244911325,0.4665894381491268,0.020115651677131495,0.48670508982625826,-0.609,0.082,-0.527,0.546,0.271,0.817,0.12,0.059,0.179,0.044,0.3322,-0.0467,4.569,2023-24
Becca Gilmore,55,OTT,F,20,235.31666666666666,0,1,2,-11,2,1.63994086192121,-2.8047312132587296,1.2525352965134406,-0.12132794186662088,-0.015354543722285133,0.4285714285714285,2.549755648417027,1.5665580686435006,0.06266232274574002,0.4181448475753492,0.06419777711796854,0.48234262469331773,-0.778,0.252,-0.526,0.337,0.435,0.772,0.074,0.095,0.169,0.043,0.3322,-0.0467,4.569,2023-24
Kateřina Mrázová,88,OTT,F,21,352.1,4,6,3,-1,16,2.560817727046816,-0.17040613462084633,1.2475542262363084,0.18547627269417633,0.2914496708385121,0.5555555555555556,1.1928429423459244,0.20964536257239794,0.008385814502895918,0.4363790503345895,-0.020759152580955294,0.4156198977536342,-1.058,-0.122,-1.18,0.611,0.152,0.763,0.134,0.033,0.167,0.028,0.3322,-0.0467,4.569,2023-24
Taylor Girard,9,BOS,F,22,265.1666666666667,4,1,1,-7,4,1.9842954097507894,-1.583909490886235,1.2800086531544215,0.12699257186418667,0.23296597000852243,0.5298394239166777,1.583909490886235,0.7745646870966502,0.03098258748386601,0.44899204746089516,0.007685990483013765,0.45667803794390893,-0.741,0.034,-0.707,0.516,0.24,0.756,0.113,0.053,0.166,0.038,0.3322,-0.0467,4.569,2023-24
Jill Saulnier,149,NY,F,17,211.8,1,1,0,-5,10,1.8465723989801253,-1.4164305949008498,1.7830327476961991,0.4230976858989548,0.5290710840432905,0.5,1.13314447592068,0.45673389048282287,0.018269355619312914,0.5231083283229817,-0.034637752785016136,0.4884705755379656,-0.33,-0.122,-0.452,0.674,0.042,0.716,0.148,0.009,0.157,0.044,0.3322,-0.0467,4.569,2023-24
Gigi Marvin,109,BOS,F,23,287.26666666666665,1,3,0,-3,6,2.5030872489021188,-0.6265954977953121,1.7486163635639578,0.643163651687052,0.7491370498313877,0.594059405940594,0.20886516593177074,-0.6004796378578141,-0.024019185514312563,0.5228077335836405,-0.09893289049745134,0.42387484308618917,-0.449,-0.474,-0.923,0.913,-0.25,0.663,0.2,-0.055,0.145,0.03,0.3322,-0.0467,4.569,2023-24
Emma Greco,118,MIN,D,22,294.2,0,0,0,8,10,1.7741719562953184,1.6315431679129844,1.451899939307326,-0.13350811169939036,-0.027534713555054616,0.574528702760077,3.2630863358259687,1.3263745432285243,0.05305498172914097,0.36182976674955514,0.05580845308464643,0.4176382198342016,-1.249,0.274,-0.975,0.145,0.502,0.647,0.032,0.11,0.142,0.029,0.3322,-0.0467,4.569,2023-24
Maggie Flaherty,79,MIN,D,24,459.18333333333334,1,5,0,4,14,2.847275255529015,0.5226670538274473,1.3025606351981536,-0.30026051371048634,-0.19428711556615058,0.574528702760077,1.3066676345686181,-0.6300441580288262,-0.02520176632115305,0.3720442423107856,-0.005773054764537988,0.3662711875462476,-1.872,-0.044,-1.916,0.305,0.313,0.618,0.067,0.069,0.136,0.018,0.3322,-0.0467,4.569,2023-24
Clair DeGeorge,116,MIN,F,23,236.5,0,0,1,-4,6,1.7405523136026217,-1.014799154334038,1.4154734039696213,-0.08342423606133487,0.02254916208300088,0.3970588235294117,0.7610993657505285,0.08663437348898861,0.0034653749395595445,0.4415777539795235,0.0012104587312594564,0.44278821271078295,-0.69,0.005,-0.685,0.431,0.189,0.62,0.094,0.041,0.135,0.034,0.3322,-0.0467,4.569,2023-24
Claire Butorac,102,MIN,F,20,197.95,1,1,1,-1,2,1.6296330524883176,-0.30310684516291997,1.4190038062796098,0.31000635788156594,0.4159797560259017,0.574528702760077,0.6062136903258399,-0.06825130193569995,-0.0027300520774279978,0.4939529333129531,-0.04432802768001817,0.4496249056329349,-0.405,-0.146,-0.551,0.534,0.008,0.542,0.117,0.002,0.119,0.036,0.3322,-0.0467,4.569,2023-24
Gabrielle David,156,MTL,F,21,284.6166666666667,2,1,1,3,4,2.0180214665406946,0.632429583650524,1.4853558429010727,0.17528564291542703,0.2812590410597628,0.4567901234567901,1.4756690285178895,-0.08567698353618614,-0.0034270793414474454,0.4254188252940505,-0.03155298344742372,0.39386584184662676,-0.907,-0.15,-1.057,0.442,0.072,0.514,0.097,0.016,0.113,0.024,0.3322,-0.0467,4.569,2023-24
Emma Woods,86,NY,F,23,358.3666666666667,2,0,2,-8,8,2.643903072390629,-1.3394102874151241,1.6618720442995782,0.4920261228907219,0.5979995210350576,0.5196078431372549,0.16742628592689052,-0.5089842995109666,-0.020359371980438662,0.4426588717610577,-0.08015932408394442,0.3624995476771133,-1.039,-0.479,-1.518,0.66,-0.2,0.46,0.144,-0.044,0.1,0.017,0.3322,-0.0467,4.569,2023-24
Alexa Vasko,101,TOR,F,23,211.43333333333334,2,0,0,-1,4,1.2565748550984517,-0.283777392401072,1.2953237239054034,0.1169879460099783,0.22296134415431407,0.4621212121212121,2.8377739240107207,1.906980121791849,0.07627920487167396,0.3565875357365936,0.05398307045624255,0.41057060619283614,-0.916,0.19,-0.726,0.086,0.355,0.441,0.019,0.078,0.097,0.028,0.3322,-0.0467,4.569,2023-24
Jocelyne Larocque,71,TOR,D,22,610.6166666666667,0,5,4,8,6,3.3618557509177283,0.7860905641837487,1.3694673486997446,-0.28028561474805724,-0.17431221660372148,0.5308168796073996,1.5721811283674973,-0.6208594741872789,-0.024834378967491157,0.3303403854929121,-0.007403157307119008,0.3229372281857931,-2.913,-0.075,-2.988,-0.019,0.4,0.381,-0.004,0.088,0.084,0.008,0.3322,-0.0467,4.569,2023-24
Madison Packer,148,NY,F,22,162.76666666666665,0,0,1,-1,4,1.2082256678756107,-0.36862584476756094,1.9134363257432518,0.6123685871867122,0.7183419853310479,0.472729039075736,1.8431292238378048,1.1667186383999477,0.04666874553599791,0.44538320749049753,-0.025165452997106874,0.42021775449339066,-0.465,-0.068,-0.533,0.307,0.058,0.365,0.067,0.013,0.08,0.029,0.3322,-0.0467,4.569,2023-24
Renata Fast,67,TOR,D,23,635.2333333333333,3,5,5,0,12,3.5028691648031955,0.0,1.3826498937395606,-0.2679857927556897,-0.16201239461135392,0.5308168796073996,1.511255706564517,-0.6817848959902594,-0.027271395839610375,0.33085818841610704,-0.011070156378474982,0.31978803203763206,-3.025,-0.117,-3.142,-0.014,0.377,0.363,-0.003,0.083,0.08,0.008,0.3322,-0.0467,4.569,2023-24
Jillian Dempsey,27,MTL,F,22,183.05,1,2,0,1,2,1.2201054810907914,0.32777929527451516,1.3884768238458152,0.1514376132535722,0.25741101139790795,0.4677419354838709,2.294455066921606,0.7331090548675305,0.02932436219470122,0.39992531475251286,0.003583261054910424,0.4035085758074233,-0.661,0.011,-0.65,0.207,0.153,0.36,0.045,0.033,0.078,0.026,0.3322,-0.0467,4.569,2023-24
Kaitlin Willoughby,128,TOR,F,21,135.25,0,0,0,-2,2,1.0138899187983146,-0.8872458410351202,1.461467790303113,0.4069629608391452,0.5129363589834809,0.5668242255597484,1.7744916820702403,0.8436978798513685,0.03374791519405474,0.44978480686062017,-0.017545720704293354,0.43223908615632683,-0.376,-0.04,-0.416,0.265,0.066,0.331,0.058,0.014,0.072,0.032,0.3322,-0.0467,4.569,2023-24
Kennedy Marchment,29,MTL,F,9,97.71666666666667,1,0,1,0,0,0.8778099616586306,0.0,1.3830196849481613,0.024583694778399945,0.1305570929227357,0.5105841929948152,0.0,-1.5613460120540756,-0.06245384048216303,0.5389929834506345,-0.07550954977443661,0.46348343367619793,-0.126,-0.123,-0.249,0.337,-0.047,0.29,0.074,-0.01,0.064,0.039,0.3322,-0.0467,4.569,2023-24
Ann-Sophie Bettez,80,MTL,F,14,208.66666666666666,2,2,1,-2,2,1.4861175173575383,-0.5750798722044728,1.3373261149446258,0.16926750054000017,0.27524089868433593,0.5105841929948152,0.5750798722044728,-0.9862661398496029,-0.03945064559398412,0.4273181359814008,-0.06697473546241771,0.36034340051898306,-0.658,-0.233,-0.891,0.331,-0.071,0.26,0.072,-0.016,0.056,0.016,0.3322,-0.0467,4.569,2023-24
Savannah Harmon,56,OTT,D,22,562.4833333333333,3,2,7,-1,8,3.180745673463655,-0.10666982725414086,1.2363955700558225,-0.43852732364684166,-0.3325539255025059,0.527145240536056,0.746688790778986,-1.4987555893304447,-0.05995022357321779,0.33928959152772403,-0.0266948310229672,0.3125947605047568,-2.6,-0.25,-2.85,0.066,0.187,0.253,0.014,0.041,0.055,0.006,0.3322,-0.0467,4.569,2023-24
Natalie Buchbinder,90,MIN,D,24,481.84999999999997,2,1,3,6,0,2.595271128223953,0.7471204731762998,1.4157148067623448,-0.2218031525439046,-0.11582975439956884,0.5308168796073996,1.4942409463525996,-0.4424708462448447,-0.017698833849793788,0.32316336555657815,-0.006115858409836902,0.31704750714674124,-2.357,-0.049,-2.406,-0.073,0.326,0.253,-0.016,0.071,0.055,0.007,0.3322,-0.0467,4.569,2023-24
Ashton Bell,50,OTT,D,22,494.2333333333333,2,4,1,4,0,2.3486746429617975,0.4856005935118365,1.222406892519046,-0.3502728586336432,-0.24429946048930745,0.5308168796073996,2.3066028191812236,0.061158439071792726,0.002446337562871709,0.2851294501471124,0.026876283611802457,0.3120057337589148,-2.731,0.221,-2.51,-0.388,0.606,0.218,-0.085,0.133,0.048,0.006,0.3322,-0.0467,4.569,2023-24
Rosalie Demers,136,OTT,F,11,63.3,0,0,0,0,4,0.5117124935778239,0.0,1.478849631613596,0.2670277409125039,0.3730011390568397,0.5308168796073996,1.8957345971563984,0.912537017382872,0.03650148069531488,0.48503553893632595,-0.0007986332103690902,0.48423690572595685,-0.139,-0.001,-0.14,0.161,0.048,0.209,0.035,0.011,0.046,0.044,0.3322,-0.0467,4.569,2023-24
Nicole Kosta,14,BOS,F,9,67.2,1,1,1,1,2,0.5533518534853374,0.8928571428571428,1.506750736900845,0.2795373390479172,0.385510737192253,0.5308168796073996,0.8928571428571428,0.08351233906755798,0.003340493562702319,0.49406415489762273,-0.03521058015652298,0.4588535747410998,-0.137,-0.039,-0.176,0.181,0.013,0.194,0.04,0.003,0.043,0.038,0.3322,-0.0467,4.569,2023-24
Jessica Digirolamo,5,BOS,D,23,429.01666666666665,0,1,2,-7,8,2.2023027271783056,-0.978982945495513,2.0197935327327228,0.4054819540887804,0.5114553522331161,0.5298394239166777,3.356512955984616,1.2849213518591267,0.05139685407436507,0.30800240153225983,0.00025131885105345725,0.3082537203833133,-2.207,0.002,-2.205,-0.173,0.336,0.163,-0.038,0.074,0.036,0.005,0.3322,-0.0467,4.569,2023-24
Kristin Della Rovere,54,OTT,F,8,70.8,1,0,0,2,0,0.4671675025843422,1.694915254237288,0.9008238111077927,-0.5797738136810561,-0.4738004155367203,0.375,0.0,-0.9831975797735264,-0.03932790319094106,0.3959046632070697,0.008052138362730978,0.4039568015698007,-0.26,0.01,-0.25,0.075,0.065,0.14,0.016,0.014,0.03,0.025,0.3322,-0.0467,4.569,2023-24
Kayla Vespa,45,NY,F,22,222.83333333333334,2,1,0,0,2,1.371618306261638,0.0,1.6873477112263207,0.5159462757025033,0.621919673846839,0.472729039075736,1.0770381451009723,0.40062755966311525,0.01602510238652461,0.369321309090643,-0.04616686499815929,0.3231544440924837,-0.918,-0.171,-1.089,0.138,0.002,0.14,0.03,0.0,0.03,0.008,0.3322,-0.0467,4.569,2023-24
Akane Shiga,141,OTT,F,21,215.58333333333334,2,0,0,-1,4,1.3345107739945503,-0.27831465017394663,1.226021151660335,0.19798162827783217,0.30395502642216793,0.527145240536056,0.5566293003478933,-0.42656827942563313,-0.017062731177025326,0.37141389921765605,-0.04745823381924212,0.3239556653984139,-0.881,-0.171,-1.052,0.141,-0.003,0.138,0.031,-0.001,0.03,0.008,0.3322,-0.0467,4.569,2023-24
Brooke Bryant,91,MIN,F,22,157.95,1,0,0,1,6,0.8727039876777565,0.3798670465337132,1.2104647106246726,0.37838885289047974,0.4843622510348155,0.574528702760077,1.8993352326685662,1.2248702404070264,0.048994809616281054,0.3315114862973434,0.0005585845127994982,0.3320700708101429,-0.751,0.001,-0.75,-0.002,0.124,0.122,-0.0,0.027,0.027,0.01,0.3322,-0.0467,4.569,2023-24
Micah Zandee-Hart,47,NY,D,17,371.2833333333333,0,3,0,-18,10,1.8228427051138507,-2.908829734703955,1.7355646694320999,0.14678368015968446,0.2527570783040202,0.5308168796073996,2.7472280827759574,0.808570697002196,0.03234282788008784,0.2945743923512979,0.007067120049685818,0.3016415124009837,-1.993,0.044,-1.949,-0.233,0.333,0.1,-0.051,0.073,0.022,0.004,0.3322,-0.0467,4.569,2023-24
Jincy Roese,60,OTT,D,22,451.8833333333333,0,4,1,-9,14,1.9797217269168474,-1.1949987091063328,1.221940794014114,-0.3127798938967654,-0.20680649575242965,0.5308168796073996,2.5227750525578134,0.2773306724483826,0.011093226897935305,0.2628627675617103,0.031773876473178274,0.29463664403488854,-2.664,0.239,-2.425,-0.522,0.591,0.069,-0.114,0.129,0.015,0.002,0.3322,-0.0467,4.569,2023-24
Maude Poulin-Labelle,165,TOR,D,9,63.36666666666667,0,0,0,-4,0,0.34327747493798744,-3.787480273540242,1.2676110661197517,-0.3731046588987892,-0.2671312607544534,0.5308168796073996,0.0,-2.193040602554776,-0.08772162410219105,0.325039166169583,-0.0610084980267457,0.2640306681428373,-0.308,-0.064,-0.372,-0.008,-0.015,-0.023,-0.002,-0.003,-0.005,-0.005,0.3322,-0.0467,4.569,2023-24
Taylor Wenczkowski,111,BOS,F,15,77.06666666666666,0,0,0,1,2,0.4889296827178884,0.7785467128027682,2.320132713259266,1.2836147040804033,1.3895881022247392,0.5298394239166777,0.7785467128027682,-0.0307980909868166,-0.001231923639472664,0.3806545972717124,-0.14019073386194658,0.24046386340976583,-0.303,-0.18,-0.483,0.062,-0.12,-0.058,0.014,-0.026,-0.012,-0.009,0.3322,-0.0467,4.569,2023-24
Chloe Aurard,33,NY,F,20,246.36666666666667,1,1,6,-7,2,1.3725295087397829,-1.7047760790150182,1.5271376315235168,0.41549822283105087,0.5214716209753866,0.472729039075736,0.24353943985928833,-0.43287114557856876,-0.01731484582314275,0.33426506774883086,-0.06946200792068141,0.26480305982814945,-1.159,-0.285,-1.444,0.008,-0.094,-0.086,0.002,-0.021,-0.019,-0.005,0.3322,-0.0467,4.569,2023-24
Madison Bizal,162,MTL,D,19,203.95000000000002,0,1,0,-1,2,0.6227263229667205,-0.2941897523902917,1.3448695188045474,-0.05404578798466719,0.051927610159668555,0.5308168796073996,4.707036038244667,1.8834432258546874,0.07533772903418749,0.18319970276049632,0.07014496801822064,0.253344670778717,-1.473,0.238,-1.235,-0.506,0.397,-0.109,-0.111,0.087,-0.024,-0.007,0.3322,-0.0467,4.569,2023-24
Olivia Zafuto,46,NY,D,11,87.35,0,0,1,1,4,0.36065514953420263,0.6868918145392101,1.7445501954435423,0.23562522538223463,0.3415986235265704,0.5308168796073996,0.6868918145392101,-1.2517655712345515,-0.05007062284938206,0.24773107008645862,-0.0842304852020391,0.16350058488441951,-0.537,-0.123,-0.66,-0.123,-0.055,-0.178,-0.027,-0.012,-0.039,-0.027,0.3322,-0.0467,4.569,2023-24
Abby Cook,117,MIN,D,9,105.23333333333333,1,0,0,3,6,0.4476388283994347,1.7104846373139055,1.8190431224156298,0.29470120192900473,0.4006746000733405,0.5298394239166777,0.5701615457713018,-1.3665502468261423,-0.054662009873045696,0.25522644634747627,-0.09472946988037975,0.1604969764670965,-0.634,-0.166,-0.8,-0.135,-0.084,-0.219,-0.03,-0.018,-0.048,-0.027,0.3322,-0.0467,4.569,2023-24
Savannah Norcross,147,NY,F,20,148.2,0,0,1,2,2,0.7212193032491034,0.8097165991902835,1.7110890024230048,0.6715151311978094,0.7774885293421451,0.472729039075736,0.0,-0.676410585437857,-0.027056423417514283,0.2919916207486249,-0.1048052763517288,0.18718634439689608,-0.802,-0.259,-1.061,-0.099,-0.144,-0.243,-0.022,-0.032,-0.054,-0.022,0.3322,-0.0467,4.569,2023-24
Dominique Kremer,119,MIN,D,12,63.483333333333334,0,0,0,-1,0,0.03564148416290609,-0.9451299553688631,1.0152537145824239,-0.12877825404992138,-0.022804855905585633,0.5308168796073996,1.8902599107377263,-0.04645188185971805,-0.0018580752743887219,0.03368583433616748,0.0004224103161698416,0.03410824465233732,-0.617,0.0,-0.617,-0.316,0.05,-0.266,-0.069,0.011,-0.058,-0.055,0.3322,-0.0467,4.569,2023-24
Jess Healey,10,BOS,D,20,205.43333333333334,1,1,1,2,8,0.9185681642212508,0.5841311049813402,1.6628091694499907,0.11884985877663024,0.224823256920966,0.5308168796073996,0.8761966574720104,-1.1953949466534788,-0.047815797866139154,0.26828211838362026,-0.07029812355823575,0.1979839948253845,-1.193,-0.241,-1.434,-0.219,-0.081,-0.3,-0.048,-0.018,-0.066,-0.019,0.3322,-0.0467,4.569,2023-24
Kali Flanagan,68,TOR,D,23,488.5,3,1,2,7,2,2.1766354055066057,0.8597748208802456,1.3666019992211234,-0.1757600820428067,-0.06978668389847094,0.5308168796073996,1.4738996929375638,-0.7191409096172124,-0.028765636384688497,0.2673451879844347,-0.0217869679948414,0.2455582199895933,-2.844,-0.177,-3.021,-0.528,0.203,-0.325,-0.116,0.044,-0.072,-0.009,0.3322,-0.0467,4.569,2023-24
Zoe Boyd,52,OTT,D,16,238.45,0,1,2,-3,2,0.7318772711985881,-0.7548752358985112,1.0413875725713846,-0.3591625409510184,-0.25318914280668264,0.5308168796073996,1.7613755504298596,-0.4840688296795712,-0.01936275318718285,0.18415867591493099,0.005956161093485415,0.19011483700841642,-1.719,0.024,-1.695,-0.588,0.209,-0.379,-0.129,0.046,-0.083,-0.021,0.3322,-0.0467,4.569,2023-24
Dominika Lásková,82,MTL,D,7,126.7,0,0,0,0,8,0.4236713308864141,0.0,1.3940521652609619,-0.08921386536180087,0.016759532782534878,0.5105841929948152,0.0,-2.82359281238998,-0.1129437124955992,0.20063362157209824,-0.11461966577385269,0.08601395579824556,-0.878,-0.242,-1.12,-0.278,-0.143,-0.421,-0.061,-0.031,-0.092,-0.044,0.3322,-0.0467,4.569,2023-24
Brigitte Laganière,164,MTL,D,15,123.71666666666667,0,0,1,-1,0,0.23453021086730041,-0.48497911895460055,1.3263530344642922,0.04584511237315625,0.151818510517492,0.5308168796073996,1.4549373568638018,-1.3686554555261783,-0.05474621822104713,0.11374225503466004,-0.06992806927279634,0.0438141857618637,-1.037,-0.144,-1.181,-0.45,-0.048,-0.498,-0.098,-0.011,-0.109,-0.053,0.3322,-0.0467,4.569,2023-24
Leah Lum,159,MTL,F,21,197.45,1,1,2,-2,6,0.8120514121995489,-0.607748797163839,1.4463789057734004,0.6407537699185404,0.7467271680628761,0.5308168796073996,0.0,-1.5613460120540756,-0.06245384048216303,0.24676163449973632,-0.13712655728845063,0.10963507721128568,-1.217,-0.451,-1.668,-0.281,-0.298,-0.579,-0.062,-0.065,-0.127,-0.039,0.3322,-0.0467,4.569,2023-24
Olivia Knowles,131,TOR,D,19,187.81666666666666,0,1,0,7,6,0.47779860732546164,2.236223267370663,1.4467869666416895,0.0999720336461869,0.20594543179052266,0.5308168796073996,1.2778418670689502,-0.9151987354858261,-0.036607949419433045,0.15263776611692803,-0.05720249259848531,0.09543527351844272,-1.452,-0.179,-1.631,-0.562,-0.033,-0.595,-0.123,-0.007,-0.13,-0.042,0.3322,-0.0467,4.569,2023-24
Mariah Keopple,99,MTL,D,22,441.26666666666665,0,2,1,3,12,1.43096932944329,0.4079166037165735,1.5565419683265127,0.1382396858456978,0.24421308399003355,0.5308168796073996,3.5352772322103037,0.7116844198203236,0.028467376792812943,0.1945720496296965,0.0040460683938095855,0.19861811802350607,-3.104,0.03,-3.074,-1.012,0.373,-0.639,-0.221,0.082,-0.139,-0.019,0.3322,-0.0467,4.569,2023-24
Lee Stecklein,24,MIN,D,24,655.1166666666667,2,3,2,0,16,2.7730069039919236,0.0,1.3797348255658244,-0.02180072799846422,0.08417267014587153,0.574528702760077,1.2822143638537664,-0.6544974287436779,-0.026179897149747115,0.2539706630974362,-0.03459716416433427,0.21937349893310193,-3.96,-0.378,-4.338,-0.854,0.132,-0.722,-0.187,0.029,-0.158,-0.014,0.3322,-0.0467,4.569,2023-24
Taylor Baker,150,NY,D,21,311.43333333333334,0,0,0,0,6,0.7787501785642763,0.0,1.5863510585519045,0.24397805237891368,0.34995145052324944,0.5308168796073996,2.5045488601091725,0.5658914743354111,0.022635658973416444,0.15003214400253637,-0.012359486078908504,0.13767265792362787,-2.422,-0.064,-2.486,-0.946,0.178,-0.768,-0.207,0.039,-0.168,-0.032,0.3322,-0.0467,4.569,2023-24
Lauriane Rougeau,133,TOR,D,23,280.3833333333333,0,1,0,4,4,0.6414648839422024,0.8559709920941568,1.332808202640887,0.012193413804866937,0.11816681194920269,0.5308168796073996,1.9259347322118527,-0.2671058703429235,-0.01068423481371694,0.13726883327539255,-0.022500916008637212,0.11476791726675534,-2.24,-0.105,-2.345,-0.911,0.113,-0.798,-0.199,0.025,-0.174,-0.037,0.3322,-0.0467,4.569,2023-24
Aneta Tejralová,62,OTT,D,21,474.01666666666665,2,2,4,-3,6,1.2418584659896448,-0.37973348335149965,1.248144721744478,-0.10643359716157996,-0.0004601990172442144,0.5308168796073996,2.911290039028164,0.6658456589187332,0.026633826356749327,0.15719174703993255,0.02667984625847375,0.1838715932984063,-3.63,0.211,-3.419,-1.383,0.58,-0.803,-0.303,0.127,-0.176,-0.022,0.3322,-0.0467,4.569,2023-24
Allie Munroe,74,TOR,D,23,431.81666666666666,1,3,2,1,10,1.1407842928406364,0.13894785595738934,1.3880108290023787,0.1284094975341583,0.23438289567849407,0.5668242255597484,3.056852831062565,0.8638122285077888,0.03455248914031155,0.158509531600073,0.011114199572462145,0.16962373117253515,-3.297,0.08,-3.217,-1.25,0.416,-0.834,-0.274,0.091,-0.183,-0.025,0.3322,-0.0467,4.569,2023-24
Emily Brown,2,BOS,D,23,443.0833333333333,1,0,3,2,12,1.5358564664366945,0.27082941508369385,1.9525768558188537,0.5087823485878917,0.6147557467322274,0.5298394239166777,2.4374647357532444,0.36587313162775514,0.014634925265110206,0.2079775542287794,-0.04684064940811254,0.16113690482066684,-3.018,-0.346,-3.364,-0.917,-0.001,-0.918,-0.201,-0.0,-0.201,-0.027,0.3322,-0.0467,4.569,2023-24
Johanna Fällman,152,NY,D,19,224.73333333333332,0,0,0,-6,2,0.41401398924921734,-1.6018985464253932,1.6369374558007053,0.3618975449725954,0.46787094311693117,0.5308168796073996,1.0679323642835954,-0.8707250214901661,-0.03482900085960664,0.11053473459634994,-0.08161609517129975,0.028918639425050185,-1.896,-0.306,-2.202,-0.83,-0.131,-0.961,-0.182,-0.029,-0.211,-0.056,0.3322,-0.0467,4.569,2023-24
Brooke Hobson,38,NY,D,23,455.8666666666667,1,3,1,-6,14,1.3941973497145839,-0.7897045919859608,1.6270379766989023,0.07076654247129088,0.17673994061562665,0.472729039075736,1.7110266159695817,-0.22763076980417973,-0.00910523079216719,0.18350067486737723,-0.026779224853729855,0.15672145001364737,-3.291,-0.203,-3.494,-1.13,0.151,-0.979,-0.247,0.033,-0.214,-0.028,0.3322,-0.0467,4.569,2023-24
Catherine Daoust,163,MTL,D,22,359.98333333333335,1,0,1,-2,12,0.9706487451017514,-0.3333487661465808,1.4031857910851997,0.040781772974446184,0.14675517111878195,0.5308168796073996,1.8334182138061947,-0.9901745985837853,-0.039606983943351416,0.16178228077069795,-0.05428250105522961,0.10749977971546834,-2.729,-0.326,-3.055,-1.022,-0.046,-1.068,-0.224,-0.01,-0.234,-0.039,0.3322,-0.0467,4.569,2023-24
Kaleigh Fratkin,7,BOS,D,23,410.3333333333333,2,0,1,5,22,1.1915669043756845,0.7311129163281885,1.8645540321414316,0.48092299693295226,0.586896395077288,0.5308168796073996,1.1697806661251016,-0.9018109380003877,-0.03607243752001551,0.17423399089165167,-0.09476207702774431,0.07947191386390737,-3.025,-0.648,-3.673,-1.08,-0.329,-1.409,-0.236,-0.072,-0.308,-0.045,0.3322,-0.0467,4.569,2023-24
Mellissa Channell,129,MIN,D,24,393.7,0,1,1,1,0,0.3720805178626623,0.1524003048006096,1.4907440416506303,0.3074699021672824,0.4134433003116182,0.5308168796073996,1.8288036576073154,-0.10790813499012886,-0.004316325399605155,0.0567051843326384,-0.04566065543076698,0.011044528901871423,-3.674,-0.3,-3.974,-1.808,0.007,-1.801,-0.396,0.002,-0.394,-0.06,0.3322,-0.0467,4.569,2023-24
