name,player_id,team,pos,gp,toi_min,ixG,FA,ixG60,FA60,FA60_resid,d_adj_FA60,blocks60,blocks60_adj,block_val60,d_value60,value60,oGAR,dGAR,GAR,oWAR,dWAR,WAR,war60
Kristýna Kaltounková,245,NY,LW,16,318.45000000000005,6.626000000000001,31.83797196634762,1.2484220442769667,5.998675829740484,0.19878509028269586,0.19878509028269586,0.0,0.08603199870155415,0.003441279948062166,-0.004311338572962974,1.2441107057040037,5.045,0.09,5.135,1.119,0.02,1.139,0.215
Laura Stacey,32,MTL,RW,15,297.6833333333334,6.085999999999999,25.985912858213997,1.2266726387100382,5.237628704415787,0.1472516894999506,0.1472516894999506,0.604669391411455,0.008939235827938985,0.0003575694331175594,-0.005385246457380514,1.2212873922526577,4.608,0.079,4.687,1.022,0.018,1.04,0.21
Natalie Spooner,100,TOR,RW,16,277.53333333333336,5.321999999999999,26.678596787487106,1.150564496757146,5.767652440244629,0.039921923199264464,0.03992192319926446,0.8647609896709104,0.642147636557724,0.02568590546230896,0.024128950457537646,1.1746934472146837,3.944,0.21,4.154,0.875,0.047,0.922,0.199
Sarah Fillier,205,NY,LW,15,301.21666666666664,5.474,29.83579444271348,1.090377911802136,5.943056492766477,0.10879387003028808,0.10879387003028808,0.0,0.08603199870155415,0.003441279948062166,-0.0008016809831190692,1.0895762308190169,3.978,0.103,4.081,0.882,0.023,0.905,0.18
Kendall Coyne Schofield,20,MIN,LW,15,250.66666666666674,4.989000000000001,24.85724295581291,1.1941755319148935,5.949871984104153,0.13672431571975918,0.13672431571975918,0.2393617021276595,-0.3423298291601303,-0.013693193166405212,-0.01902544147947582,1.1751500904354177,3.744,0.01,3.754,0.83,0.002,0.832,0.199
Daryl Watts,63,TOR,LW,15,268.46666666666664,4.704,27.166047204963434,1.0513037000248324,6.071378814121454,0.3220607792987533,0.3220607792987533,0.0,-0.2226133531131865,-0.00890453412452746,-0.02146490451717884,1.0298387955076536,3.371,-0.0,3.371,0.748,-0.0,0.748,0.167
Hilary Knight,13,SEA,RW,14,285.1,4.118,30.17059699271971,0.866643283058576,6.349476743469598,0.04026296790597278,0.04026296790597277,2.946334619431778,2.5824984865028533,0.10329993946011413,0.10172968371178119,0.9683729667703571,2.702,0.585,3.287,0.599,0.13,0.729,0.153
Emily Clark,53,OTT,LW,16,275.8333333333333,4.450000000000001,30.193456208929014,0.9679758308157103,6.567760867199061,0.1355301794949474,0.1355301794949474,0.0,0.04066370438890832,0.0016265481755563327,-0.003659128824746616,0.9643167019909636,3.08,0.081,3.161,0.683,0.018,0.701,0.152
Brianne Jenner,58,OTT,RW,16,305.4833333333333,4.476,33.14792547493474,0.8791314310655247,6.510586049962631,0.0590332318489043,0.05903323184890429,0.0,0.04066370438890832,0.0016265481755563327,-0.0006757478665509347,0.8784556831989738,2.959,0.105,3.064,0.656,0.023,0.679,0.133
Julia Gosling,210,SEA,LW,14,254.2166666666667,4.218,26.994828641226373,0.9955287484429292,6.371296342254962,0.09011294088557548,0.09011294088557548,0.0,-0.36383613292892486,-0.014553445317156995,-0.01806785001169444,0.9774608984312347,2.956,0.014,2.97,0.656,0.003,0.659,0.156
Rebecca Leslie,72,OTT,RW,16,294.59999999999997,4.272,32.034722116917756,0.8700610997963342,6.524383323201174,0.07085786388401105,0.07085786388401105,0.0,0.04066370438890832,0.0016265481755563327,-0.0011369085159200982,0.8689241912804141,2.809,0.099,2.908,0.623,0.022,0.645,0.131
Marie-Philip Poulin,31,MTL,C,15,300.95,4.168,26.369793321510095,0.8309685994351222,5.257310514339943,0.08087466992017,0.08087466992017,0.9968433294567204,0.4011131738732044,0.016044526954928175,0.012890414828041544,0.8438590142631638,2.674,0.172,2.846,0.593,0.038,0.631,0.126
Jesse Compher,65,TOR,RW,16,267.3166666666667,3.9650000000000003,26.30785610099612,0.8899557329010536,5.904874491151943,0.12046604578161291,0.12046604578161291,0.8978115842633578,0.6751982311501713,0.027007929246006854,0.02230975346052395,0.9122654863615776,2.638,0.195,2.833,0.585,0.043,0.628,0.141
Alex Carpenter,34,SEA,C,14,284.9333333333333,4.17,30.233414823617125,0.8781001403837156,6.366418657289522,0.059696551340899184,0.05969655134089918,0.0,-0.36383613292892486,-0.014553445317156995,-0.016881610819452064,0.8612185295642636,2.755,0.021,2.776,0.611,0.005,0.616,0.13
Abby Boreen,114,VAN,RW,16,277.21666666666664,4.042,28.971956792586667,0.8748391751337702,6.270609297980641,0.09247484588633531,0.09247484588633531,0.6493116094510913,0.16997611463601367,0.006799044585440547,0.0031925255958734702,0.8780317007296436,2.666,0.113,2.779,0.591,0.025,0.616,0.133
Grace Zumwinkle,25,MIN,RW,15,248.18333333333337,3.9130000000000003,24.5103297646854,0.9459942246994829,5.92553805337905,0.05841521495886004,0.05841521495886003,0.48351353166342076,-0.09817799962436902,-0.00392711998497476,-0.006205313368370302,0.9397889113311126,2.681,0.063,2.744,0.595,0.014,0.609,0.147
Maureen Murphy,98,MTL,RW,15,238.48333333333338,3.836,20.932103673714852,0.9650988888112375,5.266306046919663,0.11904123579508796,0.11904123579508796,0.754769725347683,0.159039569764167,0.00636158279056668,0.0017189745945582497,0.9668178634057958,2.652,0.092,2.744,0.588,0.02,0.608,0.153
Hannah Bilka,181,SEA,LW,14,251.20000000000002,3.863,26.261359331918893,0.9226910828025477,6.272617674821392,-0.02440666731851654,-0.024406667318516546,0.0,-0.36383613292892486,-0.014553445317156995,-0.01360158529173485,0.9090894975108129,2.616,0.032,2.648,0.58,0.007,0.587,0.14
Kristin O'Neill,30,NY,C,16,282.00000000000006,3.7090000000000005,27.72688439980229,0.7891489361702126,5.899337106340912,-0.00043764283971469385,-0.0004376428397146996,0.8510638297872339,0.937095828488788,0.037483833139551524,0.0375009012103004,0.826649837380513,2.309,0.277,2.586,0.512,0.061,0.573,0.122
Shiann Darkangelo,4,MTL,C,15,224.63333333333335,3.7089999999999996,19.596771271964215,0.9906811099569667,5.234335701073689,0.09263458349125242,0.09263458349125242,0.0,-0.595730155583516,-0.023829206223340643,-0.027441954979499486,0.9632391549774671,2.594,-0.023,2.571,0.575,-0.005,0.57,0.152
Kelly Pannek,23,MIN,C,15,256.8666666666667,3.3259999999999996,25.448332200542833,0.7769011160134959,5.944328829610317,0.04043114543074855,0.04043114543074854,3.036594861147158,2.454903329859368,0.09819613319437473,0.09661931852257553,0.8735204345360714,2.051,0.505,2.556,0.455,0.112,0.567,0.132
Taylor Heise,21,MIN,C,15,255.85000000000002,3.6320000000000006,25.34502736335194,0.851749071721712,5.943723438737996,0.05610389887763778,0.056103898877637774,1.1725620480750438,0.590870516787254,0.02363482067149016,0.021446768615262287,0.8731958403369743,2.362,0.183,2.545,0.524,0.041,0.565,0.132
Dominique Petrie,195,MIN,C,10,145.95000000000002,3.3019999999999996,14.725271538721321,1.3574511819116133,6.053554589402392,0.2759165694687947,0.2759165694687947,0.0,-0.5816915312877897,-0.023267661251511588,-0.03402840746079458,1.3234227744508187,2.577,-0.031,2.546,0.572,-0.007,0.565,0.232
Sophie Jaques,11,VAN,RD,16,365.2833333333333,3.9339999999999997,38.02997188157249,0.6461833280102204,6.246653226886024,0.018790056836902325,0.018790056836902318,1.8068166263630974,0.96109613587269,0.0384438454349076,0.03771103321826841,0.6838943612284888,2.12,0.36,2.48,0.47,0.08,0.55,0.09
Taylor Girard,9,NY,LW,13,179.45,3.096,18.411438612883014,1.035162998049596,6.155956070063978,0.30968515229645444,0.30968515229645444,0.0,0.08603199870155415,0.003441279948062166,-0.008636440991499558,1.0265265570580964,2.205,0.038,2.243,0.489,0.008,0.497,0.166
Ella Huber,243,BOS,LW,14,199.64999999999998,3.196,17.986603667450563,0.9604808414725772,5.405440621322484,0.14676861613791303,0.14676861613791303,0.0,-0.3999735854087965,-0.01599894341635186,-0.02172291944573047,0.9387579220268467,2.205,-0.001,2.204,0.489,-0.0,0.489,0.147
Sarah Wozniewicz,241,OTT,LW,16,255.53333333333336,3.3249999999999993,27.735965351214663,0.7807200626141401,6.512488603207199,0.03953300337225085,0.039533003372250845,0.0,0.04066370438890832,0.0016265481755563327,8.476104403854975e-05,0.7808048236581786,2.056,0.091,2.147,0.456,0.02,0.476,0.112
Alina Müller,15,BOS,C,14,286.19999999999993,3.4030000000000005,25.80606774777513,0.7134171907756816,5.410077095969631,0.09767299183832023,0.09767299183832023,0.628930817610063,0.22895723220126646,0.009158289288050658,0.005349042606356168,0.7187662333820377,1.982,0.127,2.109,0.44,0.028,0.468,0.098
Anne Cherkowski,249,NY,RW,14,258.9333333333334,3.2220000000000004,25.019238805266866,0.7466014418125643,5.797454923980477,-0.11157317416634625,-0.11157317416634625,0.0,0.08603199870155415,0.003441279948062166,0.00779263374054967,0.754394075553114,1.936,0.126,2.062,0.429,0.028,0.457,0.106
Casey O'Brien,280,NY,C,16,317.78333333333336,3.3260000000000005,31.609057775802878,0.627975035401479,5.968039439497056,0.03321213621019126,0.033212136210191257,0.0,0.08603199870155415,0.003441279948062166,0.002146006635864707,0.6301210420373438,1.748,0.125,1.873,0.388,0.028,0.416,0.079
Jessie Eldridge,36,SEA,RW,14,234.68333333333334,2.942,24.58482013111357,0.7521624884596265,6.285445101342863,-0.048666280022105546,-0.04866628002210555,0.0,-0.36383613292892486,-0.014553445317156995,-0.01265546039629488,0.7395070280633317,1.777,0.034,1.811,0.394,0.008,0.402,0.103
Jenn Gardiner,198,VAN,LW,16,284.36666666666673,3.196999999999999,29.69994295065229,0.6745516352127532,6.266545224613071,0.04485167395255013,0.044851673952550124,0.0,-0.47933549481507765,-0.019173419792603105,-0.02092263507675256,0.6536290001360007,1.785,0.002,1.787,0.396,0.0,0.396,0.084
Hayley Scamurra,61,MTL,C,15,217.68333333333328,2.839,18.64551240322317,0.7825128244391701,5.139257687129884,-0.04771645577806949,-0.047716455778069496,0.0,-0.595730155583516,-0.023829206223340643,-0.021968264447995933,0.7605445599911742,1.758,-0.002,1.756,0.39,-0.0,0.39,0.107
Maggie Connors,66,TOR,LW,16,210.58333333333334,2.6849999999999996,20.342708891339615,0.7650178076770874,5.796102256337365,-0.015478041069468373,-0.015478041069468379,0.2849228333992877,0.0623094802861012,0.002492379211444048,0.0030960228131533146,0.7681138304902407,1.639,0.086,1.725,0.364,0.019,0.383,0.109
Fanuza Kadirova,240,OTT,LW,14,194.36666666666665,2.559,20.664841397790333,0.789950265820614,6.379131283831693,-0.0918169054004011,-0.0918169054004011,0.0,0.04066370438890832,0.0016265481755563327,0.005207407486171976,0.795157673306786,1.594,0.086,1.68,0.354,0.019,0.373,0.115
Susanna Tapani,78,BOS,C,14,271.0,2.8390000000000004,24.160334444376264,0.6285608856088563,5.34915153750028,0.0182926450072759,0.01829264500727589,0.8856088560885609,0.4856352706797643,0.019425410827190574,0.018711997671906812,0.647272883280763,1.493,0.181,1.674,0.331,0.04,0.371,0.082
Blayre Turnbull,76,TOR,C,16,288.70000000000005,2.967,28.106115049621074,0.6166262556286802,5.841243169301227,-0.0026097409931551407,-0.0026097409931551464,0.0,-0.2226133531131865,-0.00890453412452746,-0.008802754225794409,0.6078235014028858,1.534,0.06,1.594,0.34,0.013,0.353,0.073
Jill Saulnier,149,BOS,LW,14,172.03333333333336,2.43,15.195096811241642,0.8475101724472002,5.299588114751977,0.016346930131139747,0.01634693013113974,0.0,-0.3999735854087965,-0.01599894341635186,-0.01663647369146631,0.8308736987557339,1.576,0.014,1.59,0.35,0.003,0.353,0.123
Emma Maltais,73,TOR,C,16,304.6166666666667,2.9420000000000006,29.369873046600926,0.5794824095858184,5.7849506465920735,-0.06698041200622895,-0.06698041200622895,0.39393773595228976,0.17132438283910326,0.00685297531356413,0.00946521138180706,0.5889476209676254,1.43,0.157,1.587,0.317,0.035,0.352,0.069
Olivia Mobley,256,BOS,RW,10,126.19999999999999,2.1229999999999998,11.103519807217046,1.009350237717908,5.279011001846456,0.030967250664910684,0.030967250664910677,0.0,-0.3999735854087965,-0.01599894341635186,-0.017206666192283376,0.9921435715256246,1.496,0.009,1.505,0.332,0.002,0.334,0.159
Abby Hustler,247,MIN,LW,15,246.4666666666667,2.737,24.581375345527395,0.6662969975655937,5.984105439809211,0.05615326028159762,0.05615326028159761,0.0,-0.5816915312877897,-0.023267661251511588,-0.025457638402493894,0.6408393591630998,1.513,-0.017,1.496,0.336,-0.004,0.332,0.081
Britta Curl-Salemme,189,MIN,RW,15,266.8333333333333,2.8140000000000005,26.444388455848532,0.6327545284197378,5.946270983201419,0.011023892965657093,0.011023892965657088,0.0,-0.5816915312877897,-0.023267661251511588,-0.023697593077172216,0.6090569353425656,1.489,-0.01,1.479,0.33,-0.002,0.328,0.074
Maddi Wheeler,285,NY,RW,16,234.41666666666669,2.506,23.356258571062682,0.6414219694276572,5.978139413851806,0.04623658766866246,0.046236587668662454,0.0,0.08603199870155415,0.003441279948062166,0.0016380530289843301,0.6430600224566415,1.342,0.09,1.432,0.298,0.02,0.318,0.081
Denisa Křížová,104,MIN,LW,15,204.35,2.251,20.223889073063763,0.6609248837778322,5.938014897890021,0.00889437591792797,0.008894375917927964,1.1744555908979692,0.5927640596101794,0.023710562384407177,0.023363681723607987,0.6842885655014402,1.236,0.152,1.388,0.274,0.034,0.308,0.09
Sarah Nurse,75,VAN,C,5,104.30000000000001,1.663,10.996433434233568,0.9566634707574305,6.325848571946443,0.16550949823457545,0.16550949823457545,3.4515819750719077,2.97224648025683,0.1188898592102732,0.11243498877912476,1.0690984595365554,1.145,0.233,1.378,0.254,0.052,0.306,0.176
Michelle Karvinen,252,VAN,LW,16,265.53333333333336,2.6850000000000005,27.798471994114493,0.6067034898317851,6.281351944439629,0.044902587934420646,0.04490258793442064,0.0,-0.47933549481507765,-0.019173419792603105,-0.02092462072204551,0.5857788691097396,1.367,0.002,1.369,0.303,0.0,0.303,0.068
Abby Roque,42,MTL,LW,14,285.0333333333333,2.7610000000000006,25.47974322645665,0.5811951818500761,5.36352915537621,0.1327718842710931,0.1327718842710931,0.0,-0.595730155583516,-0.023829206223340643,-0.029007309709913276,0.5521878721401628,1.346,-0.036,1.31,0.299,-0.008,0.291,0.061
Skylar Irving,272,MTL,RW,13,100.55,1.791,8.970245644894247,1.0687220288413726,5.352707495710142,0.22797893707582817,0.22797893707582817,0.0,-0.595730155583516,-0.023829206223340643,-0.03272038476929794,1.0360016440720747,1.292,-0.019,1.273,0.287,-0.004,0.283,0.169
Ronja Savolainen,223,OTT,RD,16,356.05,2.9650000000000003,39.08829160713781,0.4996489257126809,6.586989176880406,0.05290543417028404,0.05290543417028403,0.0,-0.3257212912864213,-0.013028851651456853,-0.01509216358409793,0.48455676212858295,1.197,0.037,1.234,0.266,0.008,0.274,0.046
Mikyla Grant-Mentis,138,SEA,C,14,206.63333333333335,2.07,22.005236788084822,0.6010646878528794,6.38964772036662,0.022675163551779953,0.022675163551779946,1.1614776576867236,0.7976415247577987,0.031905660990311946,0.031021329611792527,0.6320860174646719,1.044,0.18,1.224,0.232,0.04,0.272,0.079
Hannah Miller,89,VAN,C,16,299.09999999999997,2.505,31.22424844412195,0.5025075225677031,6.26364061065636,0.004530421579898858,0.004530421579898852,0.8024072216649951,0.3230717268499175,0.0129228690739967,0.012746182632380644,0.5152537052000838,1.02,0.17,1.19,0.226,0.038,0.264,0.053
Haley Winn,246,BOS,RD,14,391.8833333333334,3.1940000000000004,35.29401137944794,0.48902309360779145,5.403752858674459,0.042546893977745914,0.04254689397774591,0.0,-0.7663585810841261,-0.030654343243365047,-0.032313672108497137,0.45670942149929433,1.248,-0.072,1.176,0.277,-0.016,0.261,0.04
Shay Maloney,183,BOS,RW,14,219.51666666666668,2.2260000000000004,19.4456711340141,0.6084276061043202,5.315041840593026,-0.02019569425958323,-0.020195694259583237,0.0,-0.3999735854087965,-0.01599894341635186,-0.015211311340228115,0.5932162947640921,1.136,0.023,1.159,0.252,0.005,0.257,0.07
Paetyn Levis,40,NY,RW,16,271.56666666666666,2.3020000000000005,26.971761078647496,0.5086043942555544,5.95914691807604,-0.0016414486181545087,-0.0016414486181545143,0.0,0.08603199870155415,0.003441279948062166,0.003505296444170192,0.5121096906997246,0.954,0.113,1.067,0.212,0.025,0.237,0.052
Katy Knoll,191,MIN,RW,15,207.01666666666668,2.072,20.453874763771456,0.600531358183721,5.928182042474619,-0.014073033624767303,-0.014073033624767308,0.0,-0.5816915312877897,-0.023267661251511588,-0.022718812940145664,0.5778125452435754,1.044,-0.005,1.039,0.232,-0.001,0.231,0.067
Tereza Vanišová,161,VAN,LW,16,271.54999999999995,2.3780000000000006,28.301347768189665,0.5254280979561777,6.25328987697065,-0.0008354807831301714,-0.0008354807831301771,0.0,-0.47933549481507765,-0.019173419792603105,-0.01914083604206103,0.5062872619141167,1.03,0.01,1.04,0.228,0.002,0.23,0.051
Abby Newhook,259,BOS,RW,13,163.83333333333334,1.7650000000000001,14.176399015236255,0.6463886063072228,5.1917636271465435,-0.13521804241278523,-0.13521804241278523,0.0,-0.3999735854087965,-0.01599894341635186,-0.010725439762253236,0.6356631665449696,0.952,0.029,0.981,0.211,0.006,0.217,0.079
Peyton Hemp,286,OTT,RW,16,205.11666666666667,1.918,22.49279224480964,0.5610465588689363,6.579511829147209,0.05878101670643987,0.05878101670643986,0.0,0.04066370438890832,0.0016265481755563327,-0.000665911475994822,0.5603806473929415,0.9,0.071,0.971,0.2,0.016,0.216,0.063
Liz Schepers,97,BOS,C,13,169.4666666666667,1.6380000000000003,15.084010023889945,0.5799370574350905,5.34052282513806,-0.000910914521787265,-0.0009109145217872707,1.416207710464201,1.0162341250554046,0.040649365002216185,0.04068489066856589,0.6206219481036563,0.797,0.175,0.972,0.177,0.039,0.216,0.076
Emma Gentry,244,TOR,C,16,183.35,1.8419999999999999,17.97869775470732,0.6027815653122444,5.883402592214012,0.036538699657078455,0.03653869965707845,0.0,-0.2226133531131865,-0.00890453412452746,-0.01032954341115352,0.5924520219010908,0.932,0.034,0.966,0.207,0.008,0.215,0.07
Natálie Mlýnková,274,MTL,LW,15,208.01666666666668,2.02,18.573147146629502,0.5826456213444435,5.357209336420656,0.12676751098392314,0.12676751098392314,0.0,-0.595730155583516,-0.023829206223340643,-0.028773139151713645,0.5538724821927299,0.987,-0.026,0.961,0.219,-0.006,0.213,0.061
Peyton Anderson,263,MIN,LW,13,111.36666666666666,1.4320000000000002,11.202789892872236,0.7715055372642923,6.035624605558223,0.13055347570824105,0.13055347570824105,0.0,-0.5816915312877897,-0.023267661251511588,-0.028359246804132987,0.7431462904601593,0.879,-0.013,0.866,0.195,-0.003,0.192,0.103
Lexie Adzija,49,SEA,LW,14,205.18333333333334,1.868,22.107712902816882,0.5462431971407684,6.464768617507983,0.08587332841325451,0.08587332841325451,0.0,-0.36383613292892486,-0.014553445317156995,-0.017902505125273922,0.5283406920154945,0.849,0.012,0.861,0.188,0.003,0.191,0.056
Izzy Daniel,209,VAN,RW,16,200.10000000000002,1.842,20.834243431282108,0.5523238380809594,6.247149454657303,-0.0011265417454487392,-0.0011265417454487448,0.0,-0.47933549481507765,-0.019173419792603105,-0.019129484664530603,0.5331943534164288,0.849,0.007,0.856,0.188,0.002,0.19,0.057
Hannah Brandt,1,BOS,C,14,158.93333333333337,1.202,13.831677392211539,0.4537751677852348,5.221690290683886,-0.1471814922447806,-0.1471814922447806,3.775167785234899,3.3751941998261024,0.1350077679930441,0.14074784619059053,0.5945230139758253,0.413,0.429,0.842,0.092,0.095,0.187,0.071
Danielle Serdachny,224,SEA,C,14,240.73333333333332,1.9939999999999998,25.472471493667143,0.496981445582941,6.348719009775804,-0.040889863860918474,-0.04088986386091848,0.0,-0.36383613292892486,-0.014553445317156995,-0.012958740626581174,0.4840227049563598,0.799,0.034,0.833,0.177,0.008,0.185,0.046
Megan Keller,12,BOS,LD,14,375.75,2.299,33.831691899888604,0.36710578842315367,5.4022661716388996,0.014545287863549139,0.014545287863549134,1.7564870259481038,0.9901284448639777,0.039605137794559105,0.03903787156788069,0.40614365999103436,0.433,0.378,0.811,0.096,0.084,0.18,0.029
Mannon McMahon,220,OTT,RW,13,179.38333333333333,1.6109999999999998,19.412636387420896,0.538846046641271,6.493123756825721,-0.03243528557247155,-0.03243528557247156,0.0,0.04066370438890832,0.0016265481755563327,0.0028915243128827236,0.5417375709541538,0.72,0.073,0.793,0.16,0.016,0.176,0.059
Kiara Zanon,317,TOR,LW,16,206.46666666666664,1.7910000000000001,20.693566327425355,0.5204714239586699,6.013629220110695,0.14886428607293145,0.14886428607293145,0.0,-0.2226133531131865,-0.00890453412452746,-0.014710241281371786,0.5057611826772981,0.766,0.023,0.789,0.17,0.005,0.175,0.051
Savannah Norcross,147,NY,RW,15,58.43333333333334,1.049,5.7936430164875485,1.077124928693668,5.948977427083621,0.11183250823582282,0.11183250823582282,0.0,0.08603199870155415,0.003441279948062166,-0.0009201878731349236,1.076204740820533,0.759,0.02,0.779,0.168,0.004,0.172,0.177
Anna Bargman,277,NY,RW,15,79.18333333333334,1.1,7.6417069470462025,0.8335087350031573,5.790390446088471,-0.09973680904183278,-0.09973680904183278,0.0,0.08603199870155415,0.003441279948062166,0.007331015500693644,0.8408397505038508,0.707,0.038,0.745,0.157,0.008,0.165,0.125
Michela Cava,115,VAN,RW,13,188.85,1.4569999999999999,19.377781877154927,0.4629070691024622,6.156562947467809,-0.11115965981719095,-0.11115965981719095,1.5885623510722795,1.1092268562572019,0.044369074250288076,0.048704300983158526,0.5116113700856207,0.519,0.221,0.74,0.115,0.049,0.164,0.052
Theresa Schafzahl,17,BOS,RW,14,212.3666666666667,1.6380000000000001,18.813552118948312,0.462784492230419,5.3153969257741265,-0.05151548388709848,-0.051515483887098486,0.8475906451106575,0.44761705970186105,0.017904682388074442,0.019913786259671284,0.4826982784900903,0.584,0.146,0.73,0.13,0.032,0.162,0.046
Jessica DiGirolamo,5,MTL,LD,15,272.5333333333333,1.5070000000000001,23.84940912331381,0.3317759295499022,5.250603769809792,-0.034397903116524575,-0.03439790311652458,3.5225048923679063,2.560389741109061,0.10241558964436244,0.1037571078659069,0.4355330374158091,0.154,0.568,0.722,0.034,0.126,0.16,0.035
Jamie Lee Rattray,16,BOS,LW,14,213.53333333333336,1.662,18.974169404749635,0.46699968779269424,5.331486876139453,-0.03450880091301556,-0.034508800913015565,0.5619731501717139,0.16199956476291738,0.006479982590516695,0.007825825826124302,0.47482551361881853,0.602,0.104,0.706,0.134,0.023,0.157,0.044
Claire Dalton,26,TOR,RW,16,221.21666666666667,1.6370000000000002,21.55820592658547,0.44399909590898823,5.847174062812303,-0.0342222886187622,-0.034222288618762205,0.5424546070971145,0.31984125398392793,0.012793650159357118,0.014128319415488843,0.4581274153244771,0.539,0.131,0.67,0.12,0.029,0.149,0.04
Gabbie Hughes,57,OTT,C,14,216.70000000000002,1.6099999999999999,24.201367884081755,0.4457775726811259,6.700886354614237,0.1550865182443587,0.1550865182443587,0.0,0.04066370438890832,0.0016265481755563327,-0.004421826035973657,0.44135574664515226,0.534,0.061,0.595,0.118,0.014,0.132,0.037
Sara Hjalmarsson,313,TOR,LW,16,172.13333333333333,1.38,16.351978890301382,0.4810224632068164,5.699760263854083,-0.17358414133002564,-0.17358414133002564,0.0,-0.2226133531131865,-0.00890453412452746,-0.0021347526126564596,0.47888771059415997,0.525,0.055,0.58,0.116,0.012,0.128,0.045
Kayla Vespa,45,NY,C,16,113.33333333333333,1.049,10.987201977969413,0.5553529411764706,5.816753988336748,-0.1338673726417713,-0.1338673726417713,0.0,0.08603199870155415,0.003441279948062166,0.008662107481091245,0.5640150486575618,0.486,0.057,0.543,0.108,0.013,0.121,0.064
Catherine Dubois,157,MTL,LW,11,97.09999999999998,1.0230000000000001,8.196449691023478,0.632131822863028,5.064747491878566,-0.15493193500623692,-0.15493193500623692,0.0,-0.595730155583516,-0.023829206223340643,-0.017786860758097402,0.6143449621049306,0.541,0.006,0.547,0.12,0.001,0.121,0.075
Emmy Fecteau,204,NY,LW,15,108.33333333333334,1.0230000000000001,10.58527624718377,0.5665846153846155,5.862614536901781,-0.08556412792055666,-0.08556412792055666,0.0,0.08603199870155415,0.003441279948062166,0.006778280936963876,0.5733628963215793,0.485,0.051,0.536,0.108,0.011,0.119,0.066
Kaitlin Willoughby,128,MTL,RW,15,146.11666666666667,1.177,13.040738935518949,0.4833124215809285,5.354928729082721,0.10288363945340462,0.10288363945340462,0.8212615489905326,0.22553139340701656,0.009021255736280662,0.005008793797597882,0.4883212153785264,0.452,0.064,0.516,0.1,0.014,0.114,0.047
Klára Hymlárová,190,MIN,C,15,180.54999999999998,1.407,17.821233815077342,0.46757130988645806,5.922315308250571,-0.048856293816597174,-0.04885629381659718,0.0,-0.5816915312877897,-0.023267661251511588,-0.021362265792664297,0.44620904409379375,0.511,0.0,0.511,0.113,0.0,0.113,0.038
Anna Shokhina,239,OTT,RW,12,128.20000000000002,1.074,13.318502836479379,0.5026521060842434,6.233308659818741,-0.30012194276160253,-0.30012194276160253,0.0,0.04066370438890832,0.0016265481755563327,0.013331303943258831,0.5159834100275023,0.437,0.074,0.511,0.097,0.016,0.113,0.053
Brooke McQuigge,192,VAN,LW,13,128.81666666666666,1.126,14.059694815753584,0.524466295769181,6.548699875367176,0.2943653421635339,0.2943653421635339,0.0,-0.47933549481507765,-0.019173419792603105,-0.03065366813698093,0.4938126276322001,0.486,-0.02,0.466,0.108,-0.004,0.104,0.048
Kali Flanagan,68,TOR,RD,16,362.2333333333333,2.068,35.44203622594863,0.3425416398269992,5.870586657468256,-0.03287494740541308,-0.03287494740541309,0.8281954541271741,0.23919710533865798,0.00956788421354632,0.01085000716235743,0.35339164698935666,0.27,0.194,0.464,0.06,0.043,0.103,0.017
Ella Shelton,44,TOR,RD,16,402.8166666666667,2.478,39.52959123096073,0.36910091439447223,5.887977509680112,-0.009707909320048058,-0.009707909320048063,0.0,-0.5889983487885161,-0.023559933951540643,-0.02318132548805877,0.34591958890641344,0.478,-0.012,0.466,0.106,-0.003,0.103,0.015
Jade Downie-Landry,35,MTL,LW,8,87.56666666666666,0.869,6.888897673865455,0.59543205177008,4.720219190315119,-0.507441806202151,-0.507441806202151,0.0,-0.595730155583516,-0.023829206223340643,-0.004038975781456757,0.5913930759886232,0.434,0.025,0.459,0.096,0.006,0.102,0.07
Vanessa Upson,269,MIN,C,12,68.9,0.768,6.542254148198019,0.6687953555878083,5.697173423684776,-0.23023540590011804,-0.23023540590011804,0.0,-0.5816915312877897,-0.023267661251511588,-0.014288480421406985,0.6545068751664014,0.426,0.008,0.434,0.094,0.002,0.096,0.084
Kendall Cooper,236,MIN,RD,15,335.73333333333335,2.1470000000000002,32.9614438598038,0.38369737887212074,5.890647234675024,-0.0987655062549525,-0.0987655062549525,0.0,-0.9480765269631194,-0.03792306107852478,-0.03407120633458163,0.34962617253753914,0.48,-0.071,0.409,0.106,-0.016,0.09,0.016
Cayla Barnes,196,SEA,RD,14,333.41666666666663,2.0700000000000003,35.32569771891124,0.3725068732816797,6.357036330321444,-0.05964362405248441,-0.05964362405248442,0.0,-0.7302211286042545,-0.02920884514417018,-0.026882743806123287,0.34562412947555643,0.415,-0.031,0.384,0.092,-0.007,0.085,0.015
Erin Ambrose,83,MTL,RD,14,289.2833333333333,1.5839999999999999,25.697199737706477,0.32853603733364056,5.329833442169921,0.044127148354818124,0.04412714835481812,1.6592729158264679,0.6971577645676221,0.027886310582704885,0.02616535179686698,0.3547013891305075,0.148,0.229,0.377,0.033,0.051,0.084,0.017
Renata Fast,67,TOR,RD,12,288.21666666666664,1.431,25.69938231504139,0.29790088475105536,5.350013088194588,-0.5631571138848288,-0.5631571138848288,1.4572370323252186,0.8682386835367025,0.0347295473414681,0.056692674782976425,0.35459355953403177,0.0,0.375,0.375,0.0,0.083,0.083,0.017
Anna Meixner,221,OTT,LW,13,150.00000000000003,1.023,15.876264275509492,0.4091999999999999,6.350505710203795,-0.20324911974360893,-0.20324911974360893,0.0,0.04066370438890832,0.0016265481755563327,0.009553263845557082,0.418753263845557,0.278,0.077,0.355,0.062,0.017,0.079,0.032
Gabby Rosenthal,227,VAN,C,16,255.35000000000002,1.611,26.77005774886677,0.37853925983943604,6.290203504726869,0.004132348545851039,0.004132348545851033,0.0,-0.47933549481507765,-0.019173419792603105,-0.019334581385891295,0.35920467845354476,0.343,0.009,0.352,0.076,0.002,0.078,0.018
Emma Greco,118,VAN,RD,13,71.68333333333332,0.179,7.132744809177185,0.1498256219483841,5.970211883989275,-0.3656005586455225,-0.3656005586455225,10.881190420832366,10.035469930341959,0.40141879721367835,0.41567721900085375,0.5655028409492379,-0.177,0.522,0.345,-0.039,0.116,0.077,0.064
Natalie Snodgrass,142,SEA,RW,13,188.43333333333334,1.2530000000000001,20.12292121574509,0.3989739961082611,6.4074399767099175,-0.0034838332107819947,-0.0034838332107820003,0.0,-0.36383613292892486,-0.014553445317156995,-0.014417575821936496,0.38455642028632464,0.317,0.022,0.339,0.07,0.005,0.075,0.024
Kateřina Mrázová,88,OTT,C,16,277.75,1.6110000000000002,30.335071706145037,0.34801080108010807,6.5530307916064885,-0.014031637745203995,-0.014031637745204,0.0,0.04066370438890832,0.0016265481755563327,0.0021737820476192887,0.3501845831277274,0.232,0.109,0.341,0.051,0.024,0.075,0.016
Alexa Vasko,101,OTT,C,16,168.1833333333333,1.0230000000000001,18.51331442298473,0.3649588742443763,6.604690508645827,0.04131399400336144,0.041313994003361436,0.7135070855217521,0.7541707899106604,0.030166831596426417,0.02855558583029532,0.3935144600746716,0.188,0.14,0.328,0.042,0.031,0.073,0.026
Anna Segedi,248,VAN,C,13,152.55,1.049,15.667972040450518,0.4125860373647984,6.162427547866477,-0.11623901919894225,-0.11623901919894225,0.0,-0.47933549481507765,-0.019173419792603105,-0.014640098043844358,0.397945939320954,0.292,0.017,0.309,0.065,0.004,0.069,0.027
Maja Nylen Persson,229,NY,RD,16,333.6166666666667,1.891,33.20417424457994,0.3400909227156917,5.971675439900473,-0.025761711433219252,-0.02576171143321926,0.0,-0.28035299697377547,-0.01121411987895102,-0.010209413133055468,0.32988150958263623,0.235,0.062,0.297,0.052,0.014,0.066,0.012
Elle Hartje,206,NY,C,15,200.91666666666669,1.202,19.7899336489124,0.35895479054334295,5.909893084702167,-0.0834414995004452,-0.0834414995004452,0.0,0.08603199870155415,0.003441279948062166,0.006695498428579529,0.3656502889719225,0.204,0.094,0.298,0.045,0.021,0.066,0.02
Sophie Shirley,18,BOS,RW,12,130.7,0.9209999999999999,11.867731654548964,0.42280030604437646,5.4480788008641,0.07247051772090718,0.07247051772090718,0.0,-0.3999735854087965,-0.01599894341635186,-0.01882529360746724,0.4039750124369092,0.272,0.006,0.278,0.06,0.001,0.061,0.028
Alexandra Labelle,39,MTL,C,13,135.26666666666665,0.946,12.186032852297716,0.4196155741744702,5.4053373913592635,0.1394393318665722,0.1394393318665722,0.0,-0.595730155583516,-0.023829206223340643,-0.02926734016613696,0.39034823400833324,0.274,-0.018,0.256,0.061,-0.004,0.057,0.025
Nina Jobst-Smith,305,VAN,D,6,71.45,0.612,7.129244637299548,0.5139258222533241,5.986769464492272,-0.26985744059327926,-0.26985744059327926,0.0,-0.8457204904904073,-0.03382881961961629,-0.023304379436478402,0.49062144281684567,0.257,-0.002,0.255,0.057,-0.0,0.057,0.048
Emma Woods,86,TOR,RW,16,135.86666666666667,0.895,13.325920510952697,0.3952404317958783,5.884852041146922,-0.007148481951025465,-0.007148481951025471,0.0,-0.2226133531131865,-0.00890453412452746,-0.008625743328437466,0.38661468846744085,0.22,0.029,0.249,0.049,0.006,0.055,0.024
Claire Thompson,169,VAN,RD,15,325.85,1.8900000000000001,34.24959189111335,0.34801288936627284,6.306507636847631,0.01379751959677561,0.013797519596775604,0.0,-0.8457204904904073,-0.03382881961961629,-0.03436692288389054,0.3136459664823823,0.272,-0.071,0.201,0.06,-0.016,0.044,0.008
Kati Tabin,84,MTL,RD,15,319.1333333333334,1.66,27.51748784832481,0.31209525799039056,5.173540644138777,-0.11574123669587044,-0.11574123669587044,0.7520367662419051,-0.2100783850169406,-0.008403135400677624,-0.003889227169538677,0.3082060308208519,0.075,0.093,0.168,0.017,0.021,0.038,0.007
Brooke Bryant,91,SEA,RW,14,101.75,0.665,10.91451223468212,0.3921375921375922,6.4360760106233625,0.02366540030302683,0.023665400303026822,0.0,-0.36383613292892486,-0.014553445317156995,-0.015476395928975041,0.37666119620861716,0.16,0.01,0.17,0.035,0.002,0.037,0.022
Micah Zandee-Hart,47,NY,LD,16,290.4166666666667,1.5329999999999997,28.62285287288959,0.3167173601147776,5.91347319038178,-0.08904730921001223,-0.08904730921001223,0.0,-0.28035299697377547,-0.01121411987895102,-0.007741274819760542,0.308976085295017,0.091,0.066,0.157,0.02,0.015,0.035,0.007
Jaime Bourbonnais,87,NY,LD,14,287.81666666666666,1.558,29.50401250056631,0.32479008628177664,6.1505845736312885,0.14981975327418506,0.14981975327418506,0.0,-0.28035299697377547,-0.01121411987895102,-0.017057090256644238,0.3077329960251324,0.129,0.021,0.15,0.029,0.005,0.034,0.007
Laura Kluge,212,BOS,LW,13,125.85,0.768,11.444214185879297,0.366150178784267,5.456121185162955,0.06819247271055595,0.06819247271055595,0.0,-0.3999735854087965,-0.01599894341635186,-0.018658449852063542,0.3474917289322034,0.143,0.006,0.149,0.032,0.001,0.033,0.016
Savannah Harmon,56,TOR,LD,16,368.3833333333334,1.967,36.44343307031618,0.32037280007238833,5.935681086419863,0.027398139807458977,0.02739813980745897,0.0,-0.5889983487885161,-0.023559933951540643,-0.02462846140403154,0.2957443386683568,0.138,-0.02,0.118,0.031,-0.004,0.027,0.004
Lina Ljungblom,201,MTL,LW,6,57.61666666666667,0.384,4.5259361378128595,0.3998842927393694,4.713153050658459,-0.557036223520918,-0.557036223520918,0.0,-0.595730155583516,-0.023829206223340643,-0.0021047935060248407,0.39777949923334455,0.098,0.018,0.116,0.022,0.004,0.026,0.027
Maggie Flaherty,79,MTL,LD,15,278.6,1.1480000000000001,23.948324811659653,0.24723618090452262,5.15757174694752,-0.1458158687361909,-0.1458158687361909,2.1536252692031588,1.191510117944313,0.047660404717772525,0.05334722359848397,0.3005834045030066,-0.235,0.347,0.112,-0.052,0.077,0.025,0.005
Marah Wagner,295,SEA,LW,11,96.0,0.588,10.686308344222338,0.36749999999999994,6.6789427151389615,0.26117385185501735,0.26117385185501735,0.0,-0.36383613292892486,-0.014553445317156995,-0.024739225539502672,0.34276077446049724,0.111,-0.005,0.106,0.025,-0.001,0.024,0.015
Dara Greig,199,MTL,LW,15,177.18333333333337,0.972,15.150524988535775,0.3291505973097544,5.130457149725217,-0.155115487854531,-0.155115487854531,0.0,-0.595730155583516,-0.023829206223340643,-0.017779702197013934,0.31137089511274046,0.092,0.011,0.103,0.02,0.002,0.022,0.007
Claire Butorac,102,MIN,RW,15,143.9,0.691,14.17674837873683,0.2881167477414871,5.9110834101751895,-0.0991164757468429,-0.0991164757468429,0.8339124391938847,0.25222090790609497,0.010088836316243799,0.013954378870370671,0.30207112661185775,-0.023,0.085,0.062,-0.005,0.019,0.014,0.006
Clara Van Wieren,316,TOR,C,16,174.10000000000002,0.844,16.899164876386198,0.2908673176335439,5.823951134883238,-0.0907487471925712,-0.0907487471925712,0.0,-0.2226133531131865,-0.00890453412452746,-0.005365332984017183,0.2855019846495267,-0.02,0.046,0.026,-0.004,0.01,0.006,0.002
Jincy Roese,60,NY,LD,16,269.06666666666666,1.252,26.056918099210517,0.27918731417244796,5.810511964640601,-0.20017067509750952,-0.20017067509750952,0.0,-0.28035299697377547,-0.01121411987895102,-0.003407463550148148,0.2757798506222998,-0.084,0.081,-0.003,-0.019,0.018,-0.001,-0.0
Lee Stecklein,24,MIN,LD,13,314.4833333333333,1.2,31.56679281426332,0.22894695002384866,6.0226007807169415,-0.0004675195455036106,-0.00046751954550361635,2.098680375218613,1.1506038482554937,0.04602415393021975,0.046042387192494386,0.27498933721634305,-0.361,0.353,-0.008,-0.08,0.078,-0.002,-0.0
Anna Wilgren,203,SEA,LD,14,298.09999999999997,1.481,31.53190370471414,0.29808788996980884,6.346575720506033,-0.08628908406155994,-0.08628908406155994,0.0,-0.7302211286042545,-0.02920884514417018,-0.02584357086576934,0.2722443191040395,0.001,-0.022,-0.021,0.0,-0.005,-0.005,-0.001
Brooke Becker,264,MIN,RD,14,182.58333333333331,0.9199999999999999,18.38906109889388,0.3023277042446372,6.042959375264078,0.035850128206975085,0.03585012820697508,0.0,-0.9480765269631194,-0.03792306107852478,-0.03932121607859681,0.2630064881660404,0.013,-0.055,-0.042,0.003,-0.012,-0.009,-0.003
Mae Batherson,188,MIN,LD,15,296.05,1.481,29.108944116858112,0.30015200135112313,5.899465114039813,-0.10811731101341915,-0.10811731101341915,0.0,-0.9480765269631194,-0.03792306107852478,-0.03370648594900143,0.2664455154021217,0.011,-0.061,-0.05,0.002,-0.014,-0.012,-0.002
Taylor House,217,OTT,C,11,94.56666666666666,0.409,11.14737511140102,0.25949947127247086,7.07270891805493,0.48639679528327695,0.48639679528327695,0.0,0.04066370438890832,0.0016265481755563327,-0.01734292684049147,0.2421565444319794,-0.061,0.006,-0.055,-0.014,0.001,-0.013,-0.008
Zoe Boyd,52,BOS,LD,12,207.50000000000003,0.9960000000000001,19.036856981520945,0.288,5.504633344054248,0.09970831050282503,0.09970831050282503,0.0,-0.7663585810841261,-0.030654343243365047,-0.034542967352975226,0.25345703264702474,-0.034,-0.046,-0.08,-0.008,-0.01,-0.018,-0.005
Jessica Kondas,132,TOR,RD,6,60.06666666666666,0.255,6.955217845331083,0.25471698113207547,6.947498402661459,1.0249364435363726,1.0249364435363726,0.0,-0.5889983487885161,-0.023559933951540643,-0.06353245524945918,0.1911845258826163,-0.043,-0.042,-0.085,-0.01,-0.009,-0.019,-0.019
Allyson Simpson,230,NY,RD,16,291.3166666666666,1.2779999999999998,28.47048688293223,0.2632187196063848,5.8638224600123605,-0.15033307466939594,-0.15033307466939594,0.0,-0.28035299697377547,-0.01121411987895102,-0.005351129966844578,0.25786758963954026,-0.168,0.078,-0.09,-0.037,0.017,-0.02,-0.004
Kathryn Reilly,289,OTT,RD,11,134.35,0.511,13.500455909192919,0.22820989951618906,6.029232263130444,-0.5638848038767025,-0.5638848038767025,0.0,-0.3257212912864213,-0.013028851651456853,0.008962655699734543,0.2371725552159236,-0.156,0.068,-0.088,-0.035,0.015,-0.02,-0.009
Stephanie Markowski,219,OTT,LD,16,270.81666666666666,1.2000000000000002,29.565653277342246,0.26586251461628413,6.550332438822825,-0.03459583135218802,-0.03459583135218803,0.0,-0.3257212912864213,-0.013028851651456853,-0.01167961422872152,0.2541829003875626,-0.145,0.044,-0.101,-0.032,0.01,-0.022,-0.005
Darcie Lappan,306,VAN,C,12,100.46666666666668,0.358,10.51903621819136,0.21380225613802253,6.282105239795768,-0.039793384157646605,-0.03979338415764661,0.0,-0.47933549481507765,-0.019173419792603105,-0.017621477810454887,0.19618077832756764,-0.141,0.006,-0.135,-0.031,0.001,-0.03,-0.018
Sidney Morin,167,MIN,RD,15,319.50000000000006,1.353,31.71902230256947,0.2540845070422535,5.956623906585815,-0.06097740694190679,-0.060977406941906794,0.7511737089201878,-0.19690281804293164,-0.007876112721717265,-0.0054979938509829,0.2485865131912706,-0.233,0.084,-0.149,-0.052,0.019,-0.033,-0.006
Anna Kjellbin,200,TOR,LD,16,183.95000000000002,0.766,18.388596623046073,0.24985050285403637,5.997911374736419,0.07429104020232224,0.07429104020232224,0.0,-0.5889983487885161,-0.023559933951540643,-0.02645728451943121,0.22339321833460515,-0.147,-0.016,-0.163,-0.033,-0.004,-0.037,-0.012
Lauren Bernard,207,NY,RD,16,219.75,0.869,21.847127288649745,0.23726962457337883,5.965085949119384,-0.05471306787131979,-0.0547130678713198,0.0,-0.28035299697377547,-0.01121411987895102,-0.009080310231969547,0.2281893143414093,-0.222,0.045,-0.177,-0.049,0.01,-0.039,-0.011
Daniela Pejšová,185,BOS,LD,12,151.75,0.587,13.521887905429594,0.23209225700164743,5.346380720433448,-0.07070328660599301,-0.07070328660599301,0.0,-0.7663585810841261,-0.030654343243365047,-0.02789691506573132,0.2041953419359161,-0.166,-0.017,-0.183,-0.037,-0.004,-0.041,-0.016
Katie Chan,301,VAN,RW,13,119.16666666666666,0.409,12.659439876864768,0.20593006993006993,6.373983714225618,0.05037302503290325,0.050373025032903244,0.0,-0.47933549481507765,-0.019173419792603105,-0.02113796776888633,0.1847921021611836,-0.183,0.0,-0.183,-0.041,0.0,-0.041,-0.021
Aneta Tejralová,62,SEA,D,7,99.60000000000001,0.358,11.790270724991514,0.2156626506024096,7.102572725898502,0.6517818480097006,0.6517818480097006,0.0,-0.7302211286042545,-0.02920884514417018,-0.0546283372165485,0.1610343133858611,-0.137,-0.055,-0.192,-0.03,-0.012,-0.042,-0.025
Lyndie Lobdell,294,SEA,RD,10,127.11666666666667,0.43399999999999994,13.087811642363421,0.20485118657401333,6.1775431903118285,-0.27559899523916503,-0.27559899523916503,0.0,-0.7302211286042545,-0.02920884514417018,-0.018460484329842743,0.1863907022441706,-0.197,0.006,-0.191,-0.044,0.001,-0.043,-0.02
Emily Brown,2,SEA,LD,14,266.5833333333333,0.5609999999999999,28.4626345934168,0.12626445764301344,6.406094688108815,-0.06413876069725583,-0.06413876069725583,3.1509846827133483,2.420763554109094,0.09683054216436376,0.09933195383155674,0.22559641147457019,-0.763,0.536,-0.227,-0.169,0.119,-0.05,-0.011
Rylind MacKinnon,232,BOS,LD,12,113.41666666666666,0.33199999999999996,9.824256479497034,0.17563556208670095,5.197255448374626,-0.23210691976252817,-0.23210691976252817,0.0,-0.7663585810841261,-0.030654343243365047,-0.02160217337262645,0.1540333887140745,-0.231,-0.0,-0.231,-0.051,-0.0,-0.051,-0.027
Megan Carter,208,SEA,LD,14,246.26666666666668,1.0219999999999998,26.28242458684373,0.2489983757444504,6.40340609858131,-0.040134831867869536,-0.04013483186786954,0.0,-0.7302211286042545,-0.02920884514417018,-0.027643586701323268,0.22135478904312714,-0.201,-0.026,-0.227,-0.045,-0.006,-0.051,-0.012
Nicole Gosling,253,MTL,LD,15,311.1500000000001,1.379,27.114347353054107,0.2659167604049493,5.228541993196998,-0.07078291741752063,-0.07078291741752063,0.0,-0.9621151512588457,-0.03848460605035383,-0.03572407227107052,0.2301926881338788,-0.166,-0.074,-0.24,-0.037,-0.016,-0.053,-0.01
Hadley Hartmetz,182,BOS,RD,11,129.21666666666667,0.434,12.120129013338978,0.20152199148716626,5.627816902878927,0.20408438835237164,0.20408438835237164,0.0,-0.7663585810841261,-0.030654343243365047,-0.03861363438910754,0.16290835709805873,-0.208,-0.037,-0.245,-0.046,-0.008,-0.054,-0.025
Rory Guilday,242,OTT,LD,16,336.35,1.3279999999999998,36.78207446419216,0.23689609038204248,6.561392798726117,-0.02983517101496924,-0.02983517101496925,0.0,-0.3257212912864213,-0.013028851651456853,-0.011865279981873053,0.22503081040016942,-0.342,0.053,-0.289,-0.076,0.012,-0.064,-0.011
Riley Brengman,255,BOS,RD,13,248.98333333333332,0.9450000000000001,21.638478203345592,0.2277260860834059,5.214440158781989,-0.2035934154120519,-0.2035934154120519,0.0,-0.7663585810841261,-0.030654343243365047,-0.022714200042295025,0.20501188604111087,-0.291,-0.006,-0.297,-0.065,-0.001,-0.066,-0.016
Allie Munroe,74,TOR,LD,10,162.25,0.38299999999999995,16.153167689740794,0.14163328197226502,5.973436433802451,0.026280713128957744,0.026280713128957738,1.1093990755007705,0.5204007267122545,0.02081602906849018,0.019791081256460827,0.16142436322872583,-0.423,0.111,-0.312,-0.094,0.025,-0.069,-0.026
Samantha Isbell,108,OTT,RD,7,92.63333333333334,0.153,10.79062309690713,0.09910039582583662,6.989248497456938,0.368052331773454,0.368052331773454,0.0,-0.3257212912864213,-0.013028851651456853,-0.027382892590621558,0.07171750323521506,-0.307,-0.009,-0.316,-0.068,-0.002,-0.07,-0.045
Jocelyne Larocque,71,OTT,RD,16,370.2333333333333,1.2009999999999998,40.60272117759548,0.1946340145853966,6.5800754586901835,-0.020343786384180995,-0.020343786384181002,0.972359773116053,0.6466384818296318,0.025865539273185273,0.026658946942168332,0.22129296152756492,-0.637,0.296,-0.341,-0.141,0.066,-0.075,-0.012
Jenna Buglioni,237,SEA,C,10,72.36666666666667,0.0,7.6777332218114225,0.0,6.365693136462717,-0.13200066238834712,-0.13200066238834712,0.0,-0.36383613292892486,-0.014553445317156995,-0.009405419484011458,-0.009405419484011458,-0.359,0.014,-0.345,-0.08,0.003,-0.077,-0.064
Sydney Bard,180,VAN,LD,16,231.06666666666666,0.741,24.161117417914483,0.19241200230813618,6.273804292014724,-0.05274634461656286,-0.052746344616562864,0.0,-0.8457204904904073,-0.03382881961961629,-0.03177171217957034,0.16064029012856584,-0.406,-0.04,-0.446,-0.09,-0.009,-0.099,-0.026
Amanda Boulier,51,MTL,RD,15,240.8,0.7150000000000001,21.131812405144355,0.178156146179402,5.265401762079158,-0.0530095742151101,-0.05300957421511011,0.4983388704318936,-0.46377628082695205,-0.018551051233078084,-0.01648367783868879,0.16167246834071322,-0.481,0.02,-0.461,-0.107,0.004,-0.103,-0.026
Brooke Hobson,38,OTT,LD,16,255.99999999999994,0.7160000000000001,27.54141631952244,0.16781250000000003,6.4550194498880735,-0.15123301375785625,-0.15123301375785625,0.0,-0.3257212912864213,-0.013028851651456853,-0.007130764114900459,0.16068173588509957,-0.555,0.061,-0.494,-0.123,0.014,-0.109,-0.026
Mariah Keopple,99,SEA,RD,14,216.20000000000002,0.511,22.954371421958594,0.14181313598519887,6.370315843281755,-0.09653603514430714,-0.09653603514430714,0.5550416281221091,-0.17517950048214537,-0.007007180019285815,-0.0032422746486578365,0.13857086133654103,-0.562,0.065,-0.497,-0.125,0.014,-0.111,-0.031
Madison Samoskevich,310,VAN,D,13,134.23333333333332,0.179,13.980771965181857,0.08000993295257015,6.249165517091469,-0.10183063831765354,-0.10183063831765354,0.0,-0.8457204904904073,-0.03382881961961629,-0.029857424725227802,0.05015250822734235,-0.487,-0.019,-0.506,-0.108,-0.004,-0.112,-0.05
Natalie Buchbinder,90,MIN,RD,15,255.33333333333334,0.306,25.330065785091772,0.0719060052219321,5.952234779786578,-0.10498722767231039,-0.10498722767231039,2.349869451697128,1.4017929247340088,0.05607171698936036,0.060166218868580465,0.13207222409051256,-0.962,0.347,-0.615,-0.213,0.077,-0.136,-0.032
Ashton Bell,50,VAN,LD,16,329.08333333333326,1.0730000000000002,34.58191916083005,0.19563433780703984,6.305135932083474,-0.020713901943389124,-0.02071390194338913,0.0,-0.8457204904904073,-0.03382881961961629,-0.033020977443824116,0.16261336036321572,-0.561,-0.064,-0.625,-0.124,-0.014,-0.138,-0.025
Mellissa Channell-Watkins,129,VAN,LD,16,305.31666666666666,0.689,32.19094752353989,0.13540040395218078,6.3260773560098045,-0.012872323683192077,-0.012872323683192083,0.9825863857197447,0.13686589522933737,0.005474635809173495,0.005976656432817987,0.14137706038499875,-0.827,0.139,-0.688,-0.183,0.031,-0.152,-0.03
